"covariates","waic_increase"
"precipitation",688.607992487387
"built",1885.01954000599
"bare",651.03840029418
"water",11.1568542609643
