"covariates","waic_increase"
"elevation",1184.04174898921
"tavg",1004.24396089162
"grassland",90.7574600882053
"cropland",564.110211881496
"bare",667.315512553812
"water",57.048596189492
"cattle",343.119090107795
"wetland",0.832282111617133
