"covariates","waic_increase"
"tavg",71.7328378456791
"tree",150.829757178148
"built",786.226323687406
"bare",436.756551002349
"cattle",668.036188770944
