"covariates","waic_increase"
"tavg",274.646412475133
"tmax",265.33202110475
"tree",434.700748771997
"shrub",219.831458368208
"cropland",180.30587960527
"built",770.293292953558
"cattle",503.214732660705
