"covariates","waic_increase"
"tavg",48.4762273769088
"human_fp",936.063442699481
"bare",265.069827781995
"cattle",70.2550520101213
"water",4.63458224869919
