"covariates","waic_increase"
"precipitation",17.5219658235737
"tmax",26.7087952453667
"built",343.397237476472
"bare",464.478992251164
"wetland",22.6799137844964
"cattle",152.474886908305
"mangrove",0.518495831156542
