"covariates","waic_increase"
"tree",568.449945325778
"grassland",303.927622553963
"cropland",499.128970940023
"built",1333.14994410688
"bare",185.776793449922
"water",17.7239919864251
"tsetse",112.445563767483
