"covariates","waic_increase"
"elevation",13.6479247231546
"bare",1204.91314135619
"water",44.2996289672392
"cattle",360.540888561715
"human_fp",1659.80793075886
