"covariates","waic_increase"
"pop_den",217.446505937207
"bare",170.860491472442
"cattle",21.5353848494674
"human_fp",269.981790993691
"water",8.51831050797682
