"covariates","waic_increase"
"elevation",539.015685635024
"tavg",617.897716395545
"tree",202.824989901425
"built",499.977136937497
"bare",758.395379714769
"wetland",9.02831140121998
