"covariates","waic_increase"
"tmax",1219.87251467334
"pop_den",1622.3677936599
"tree",934.849877131796
"cropland",1149.18262302638
"built",514.052196703158
"bare",1659.21675134961
"wetland",0.957185197310537
