"covariates","waic_increase"
"tree",706.395870228382
"grassland",589.813537733563
"shrub",650.700043969879
"cropland",704.806414625233
"built",772.443280370619
"water",644.925882949732
