"covariates","waic_increase"
"tavg",828.901474498714
"tmax",718.916124796103
"built",2557.52109837517
"bare",982.704143425242
"wetland",22.8171011193299
