"covariates","waic_increase"
"human_fp",2933.0212896895
"water",137.545293863214
"bare",51.7616211765685
