"covariates","waic_increase"
"pop_den",1014.71929583214
"tree",314.740985694027
"shrub",676.457592299837
"built",230.560429931931
"bare",1556.21862191381
"water",28.4802350095051
"cattle",1249.15036117713
