"covariates","waic_increase"
"precipitation",324.57461413981
"tavg",19.7629351598339
"built",392.873667095361
"bare",665.519941924323
"water",46.6471945608532
"cattle",398.152337343106
