"covariates","waic_increase"
"elevation",224.8794387256
"human_fp",407.038759470324
"tree",149.898867896929
"bare",778.210492790504
"tavg",210.267485756404
"mangrove",13.7183246520217
