"covariates","waic_increase"
"elevation",1203.22553668591
"tavg",182.123482030465
"pop_den",1004.77796556856
"built",1366.57033404493
"tmax",1699.87261735392
