"covariates","waic_increase"
"tavg",92.7822108014316
"human_fp",195.174442653615
"pop_den",330.857712305478
"grassland",25.714711978414
"bare",527.86073611699
"water",11.5182798756723
"cattle",240.452066660601
