"covariates","waic_increase"
"tree",503.048752622705
"grassland",590.326568577575
"shrub",483.097570797608
"cropland",598.20338058555
"built",587.210339328151
"water",437.07784408559
