"covariates","waic_increase"
"elevation",200.943873856124
"tree",224.028608396849
"cropland",340.900835441092
"built",761.057886834809
"wetland",5.77843007000956
"cattle",70.0488588356457
"mangrove",0.646522561989514
