"covariates","waic_increase"
"human_fp",2891.9515608584
"bare",904.112674346778
"water",204.686692644403
"wetland",3.264530750635
