"covariates","waic_increase"
"tmax",2.62474472297254
"human_fp",1153.37215910408
"bare",1253.87058154735
"cattle",184.151713711173
"shrub",198.827542529214
"precipitation",48.1028535387695
