"covariates","waic_increase"
"elevation",1184.58802132857
"tavg",1338.79002837546
"bare",226.788871212275
"water",138.127489807684
"wetland",0.165472241537827
