"covariates","waic_increase"
"elevation",518.792056486866
"precipitation",202.893661790225
"tavg",567.731085313311
"tmax",188.466842652299
"tree",10.1016605379655
"grassland",10.363523313642
"shrub",10.0419026555637
"cropland",10.0667741933039
"built",10.0503559545823
"bare",9.58871302044463
"water",9.9075984352412
"wetland",9.36351582357929
"cattle",781.842362626881
