"covariates","waic_increase"
"tmax",359.381435344714
"pop_den",88.6254171700311
"tree",375.923465827525
"cropland",310.083493898906
"built",568.05902370134
"cattle",404.741479470619
"mangrove",0.531042476151924
