"covariates","waic_increase"
"tree",719.91203039752
"grassland",739.118325368225
"shrub",765.27816280672
"cropland",768.663055900536
"built",891.196574822689
"water",251.88911104048
"tsetse",85.3107987392268
