"covariates","waic_increase"
"human_fp",1251.01429178956
"bare",52.9029504179207
"water",54.2440306197295
"cattle",242.714805821312
"tsetse",422.136525320266
