"covariates","waic_increase"
"elevation",538.349664960708
"precipitation",413.352072362804
"bare",760.46064759324
"human_fp",2433.61810590966
"water",179.139453802602
