"covariates","waic_increase"
"precipitation",270.970898413282
"shrub",736.052433198246
"bare",525.414139715319
"cattle",328.468124194111
"human_fp",1002.67324408141
