"covariates","waic_increase"
"tavg",273.992301120757
"pop_den",964.971033894411
"tree",615.316229603368
"cropland",211.985214918293
"built",130.807316875849
"cattle",1092.16724649041
