"covariates","waic_increase"
"tmax",0.465336795351504
"human_fp",3307.64550004217
"water",62.1868824800395
"bare",638.10562405453
