"covariates","waic_increase"
"elevation",586.330970873502
"tmax",1140.94328300735
"bare",486.237823406818
"cattle",401.006294695151
