"covariates","waic_increase"
"elevation",156.236190591999
"pop_den",585.254889706956
"bare",657.989292799526
"cattle",199.168054075983
"mangrove",0.0392189600433994
