"covariates","waic_increase"
"elevation",520.761309605617
"precipitation",19.4810990623173
"tavg",160.421700467346
"human_fp",1919.2668185119
"water",274.485862272371
