"covariates","waic_increase"
"tavg",290.219716493707
"tmax",323.882268282477
"grassland",151.608614014437
"built",581.751184839974
"bare",549.363554310852
"water",36.8737210944673
