"covariates","waic_increase"
"tmax",67.8459079243967
"human_fp",913.079999691414
"pop_den",575.207738942081
"built",528.627998063432
"water",3.98988274044859
"cattle",713.232999973186
"wetland",2.64533132768156
