"covariates","waic_increase"
"bare",496.769457086913
"water",15.5431836347343
"human_fp",1572.62555620849
