"covariates","waic_increase"
"elevation",686.961972667899
"tavg",746.495596916287
"tree",8.10855859310232
"grassland",12.7142255265853
"shrub",10.1637583294487
"cropland",10.9035142743151
"built",7.63502763254564
"bare",14.1692506278487
"water",12.6002385759211
"mangrove",0.184047503867987
