"covariates","waic_increase"
"tavg",70.7018351226179
"tmax",51.1357297277732
"built",912.032614573033
"bare",267.418296403402
"tsetse",18.9263809808153
