"covariates","waic_increase"
"human_fp",1693.27258230914
"bare",804.627680092325
"grassland",67.0358897532305
