"covariates","waic_increase"
"human_fp",110.980603064113
"shrub",755.845322745248
"built",345.796446060178
"bare",461.951413767461
"water",7.12167159577439
