"covariates","waic_increase"
"human_fp",81.2802567003491
"shrub",84.5480149442701
"built",153.741467624926
"mangrove",5.76902835636793
"bare",427.010131707597
"tsetse",244.064076910105
