"covariates","waic_increase"
"pop_den",242.543939751768
"grassland",14.8279825277168
"built",531.496119740626
"bare",960.520551676609
"cattle",557.223997533371
"mangrove",1.45972450297268
