"covariates","waic_increase"
"grassland",83.9642442791392
"built",810.256179718202
"bare",1097.29624163025
"cattle",1081.68475280263
