"covariates","waic_increase"
"human_fp",2288.41922176938
"tree",97.5357557876905
"cropland",105.767456290125
"bare",290.462096335532
"water",74.6701566905876
"tsetse",122.470964856162
