"covariates","waic_increase"
"precipitation",375.223154373254
"human_fp",2384.17899436571
"cropland",428.580910106636
"water",15.4817278056953
"wetland",6.07781058280034
