"covariates","waic_increase"
"elevation",521.593120021158
"tree",195.929033335909
"grassland",166.057472334511
"shrub",982.771444665013
"water",105.566093922
"cattle",89.5260414320564
"mangrove",1.42606535774758
