"covariates","waic_increase"
"tavg",274.372219823598
"tmax",230.025145881839
"human_fp",1033.51915387406
"water",12.2968354317445
"tsetse",23.1256935996789
