"covariates","waic_increase"
"elevation",2576.99847137637
"tavg",2706.03214116125
"cattle",268.816248293533
"grassland",96.8984428024842
"mangrove",0.102096835972588
