"covariates","waic_increase"
"elevation",1076.45564277005
"tavg",1079.2787351449
"shrub",346.481337278266
"bare",1123.76014834102
"cattle",549.823460399445
