"covariates","waic_increase"
"cropland",379.518753601944
"bare",716.581151146459
"water",9.08881070147982
"wetland",18.557564151849
"cattle",220.989175646749
"human_fp",1784.62898521434
