"covariates","waic_increase"
"elevation",100.922310314083
"human_fp",2086.80677259056
"bare",1129.18690508382
"water",8.13714562226596
"pop_den",67.5301834995507
"mangrove",1.50014832671968
