"covariates","waic_increase"
"elevation",832.89070894768
"tmax",767.054429186696
"tree",539.837070688181
"shrub",37.1560510221489
"built",2204.68105027586
"mangrove",0.599561411912873
