"covariates","waic_increase"
"tmax",336.058627532493
"pop_den",444.405043269143
"shrub",544.834171639832
"bare",305.955967980119
"cattle",791.259701327806
"tsetse",113.16709723144
