"covariates","waic_increase"
"tavg",544.855669138749
"tmax",541.009582496104
"human_fp",972.761679255545
"bare",1254.04154410103
"wetland",13.3950084770822
"cattle",67.4366951507636
