"covariates","waic_increase"
"tavg",27.3052711932296
"tmax",115.119091101256
"tree",81.6658770338181
"bare",606.281565482981
"water",7.45833932039841
"mangrove",3.70742256833728
"cattle",949.765658280752
