"covariates","waic_increase"
"built",888.29181748181
"bare",1226.04071986491
"cattle",289.743206475038
"water",134.218624397541
