"covariates","waic_increase"
"tavg",756.462667255064
"tmax",641.578227607575
"built",271.464846977278
"bare",32.3200316056273
"mangrove",0.735571029406856
