"covariates","waic_increase"
"pop_den",996.399912484359
"grassland",1531.56161822105
"shrub",2451.170265249
"bare",2847.52657148018
"water",570.746477194622
"mangrove",24.9856554434164
"tsetse",473.366334509267
