"covariates","waic_increase"
"human_fp",724.157845097756
"tree",431.163958113866
"grassland",140.057112023738
"shrub",542.295796228844
"cropland",518.537207469873
"built",14.5051969596871
"bare",413.106162225729
