"covariates","waic_increase"
"elevation",348.886873300593
"tmax",674.319272977678
"human_fp",301.890712862316
"bare",217.015350308607
"cattle",288.15634475058
"water",40.3566382887921
"mangrove",0.117563617573069
