"covariates","waic_increase"
"built",1706.82245679267
"bare",794.825600323499
"elevation",25.4879843179506
"mangrove",0.190740321643261
