"covariates","waic_increase"
"human_fp",1287.73294737383
"grassland",415.757858801682
"cropland",559.05665156514
"water",322.71906505569
