"covariates","waic_increase"
"bare",232.884367965777
"cattle",74.3420546780685
"human_fp",1254.78040969718
