"covariates","waic_increase"
"human_fp",1170.19627200893
"bare",779.865467478268
"tree",21.7154544262812
