"covariates","waic_increase"
"human_fp",5239.33738355264
"bare",183.8039064791
"water",21.9251009942409
"wetland",2.68099816044469
