"covariates","waic_increase"
"human_fp",57.5358111664982
"tree",582.070106746851
"grassland",749.902486864112
"shrub",423.603888316412
"cropland",868.566964625243
"built",449.180326447675
"water",315.746125038808
