"covariates","waic_increase"
"tavg",290.649815511492
"tmax",301.576365585979
"bare",446.819944531853
"water",9.84104704076981
"wetland",29.7957294167154
"cattle",589.661957531624
