"covariates","waic_increase"
"tavg",127.654546878677
"pop_den",678.506843463269
"tree",532.31709688682
"cropland",188.139302811213
"built",408.893252583369
"cattle",556.93440345385
