"covariates","waic_increase"
"human_fp",4976.44680882308
"cropland",125.753482455953
"bare",118.187169740097
"water",64.3590523018074
"tavg",19.4036319599027
"wetland",3.65638850441246
