"covariates","waic_increase"
"precipitation",123.4276856751
"tavg",195.063340863405
"tmax",206.453642086615
"human_fp",387.849195829475
"cropland",112.635186498774
"water",4.29324619537692
"cattle",650.515682533916
