"covariates","waic_increase"
"elevation",261.706314583118
"tavg",292.535685563444
"human_fp",885.61447082096
"pop_den",673.82415162862
"built",552.999774972043
"bare",4.79846721166632
"wetland",2.28331209049065
