"covariates","waic_increase"
"tavg",363.562486024529
"tmax",311.37281665833
"cropland",332.250595874447
"built",866.777058513085
"bare",536.081754809075
"water",34.5778357179779
"wetland",83.4569014618464
