"covariates","waic_increase"
"human_fp",2776.27497631183
"pop_den",43.9920257107615
"bare",662.974039764971
"water",90.0115246864525
"tmax",25.8550948434504
"tree",18.1528999016236
