"covariates","waic_increase"
"tavg",406.522084886653
"human_fp",3566.42108125384
"cropland",607.665806706465
"precipitation",80.2440761996195
"wetland",56.0297173348936
