"covariates","waic_increase"
"human_fp",419.808879744856
"built",55.4290597825366
"bare",52.1914768923089
"water",73.6130254369045
"wetland",136.151271476688
"mangrove",0.200367557656136
