"covariates","waic_increase"
"elevation",822.487765552452
"tree",908.251720449047
"shrub",1027.22405411256
"cropland",788.852831536557
"built",704.724641011888
"cattle",1092.42959102639
"mangrove",13.4768616283254
