"covariates","waic_increase"
"elevation",874.231396353349
"precipitation",652.955857014938
"tavg",583.829894674604
"tmax",559.429228782423
"grassland",277.024244646484
"cropland",315.702223659707
"bare",775.978609187333
"water",239.622031548188
"wetland",3.27082628826611
"cattle",1245.80811296403
"mangrove",0.360229604827509
