"covariates","waic_increase"
"elevation",126.835753112481
"human_fp",868.425076454152
"mangrove",0.590094616321039
"bare",503.739222909935
"water",216.980934935069
"cattle",46.6602665606679
