"covariates","waic_increase"
"elevation",262.159004881962
"built",3192.47584007971
"bare",1001.10886271433
"water",18.6331385781878
