"covariates","waic_increase"
"tree",207.541071681605
"grassland",339.951824628036
"shrub",552.106623513058
"cropland",480.471072057118
"built",102.531084696386
"water",218.512649592191
