"covariates","waic_increase"
"tmax",516.341634038815
"built",379.373312061042
"bare",388.067596557117
"cattle",710.266590304165
