"covariates","waic_increase"
"elevation",717.328045844205
"precipitation",421.796628223482
"tavg",718.057412762385
"human_fp",1569.23052132599
"tree",187.101569552083
"shrub",799.988560019437
