"covariates","waic_increase"
"precipitation",478.586228414864
"human_fp",3877.10158012915
"water",116.814603453627
"wetland",2.97490753015427
