"covariates","waic_increase"
"elevation",1006.39184684452
"tmax",910.648787945209
"shrub",74.4079825618646
"cropland",5.56756128570396
"built",337.180468029765
"pop_den",210.202330616547
