"covariates","waic_increase"
"elevation",1376.37175376003
"precipitation",192.683869248531
"tavg",1459.22822349149
"built",364.148499633679
