"covariates","waic_increase"
"elevation",410.958680478818
"precipitation",167.541173235588
"tavg",378.701571489724
"tmax",323.736118250627
"cropland",416.583263449113
"built",156.213684055303
"cattle",660.12265358891
