"covariates","waic_increase"
"elevation",214.613573701421
"tree",110.237796542186
"built",2217.23648899467
"bare",753.364693335114
"cattle",211.839556398578
