"covariates","waic_increase"
"tavg",460.88393810246
"human_fp",159.641670064668
"pop_den",302.381589808415
"water",183.866809337434
"cattle",531.671179351539
"tsetse",217.355689691662
