"covariates","waic_increase"
"elevation",1939.01570666128
"precipitation",1911.6384421054
"tavg",774.28102340626
"tmax",1411.41386698118
"human_fp",156.415464019774
"pop_den",615.413794048887
"tree",41.2940210772686
"grassland",35.9682216313595
"shrub",105.865302893413
"cropland",104.539591452405
"built",58.0866921805136
"bare",79.7380578670454
"water",151.887322973293
"mangrove",17.3351203460516
"cattle",864.021514771746
