"covariates","waic_increase"
"tree",698.545887982607
"shrub",2262.20667403806
"built",13894.8224145018
"cattle",3282.53109488638
"wetland",223.915151252884
