"covariates","waic_increase"
"tavg",1259.05537357217
"tmax",1608.60413058952
"human_fp",1068.69167489351
"pop_den",658.577193829773
"tree",21.9047961919932
"grassland",26.8488575717674
"shrub",26.7312816411122
"cropland",29.4111609650427
"built",21.6631126935572
"bare",50.1420205079176
"water",26.7849564553762
"wetland",25.7851899594207
"mangrove",71.9920593789902
