"covariates","waic_increase"
"elevation",1326.5407453076
"tavg",1256.71313046173
"tmax",1125.53704333607
"human_fp",1507.39897284699
"pop_den",557.906263916113
"tree",23.4053683336351
"grassland",23.3870943551447
"shrub",23.5237762212928
"cropland",23.4339727937149
"built",23.3658933937841
"bare",25.9125776552319
"water",23.7102798383803
"wetland",23.6909591261719
"tsetse",828.861855102568
