"covariates","waic_increase"
"pop_den",2479.15608373577
"tree",331.159788676065
"cropland",5207.87015257405
"water",1545.23683703126
"elevation",3766.52962096701
