"covariates","waic_increase"
"elevation",993.306109865916
"precipitation",1446.58039107335
"tavg",648.912343198672
"tmax",1035.06970505378
"human_fp",612.861899577181
"pop_den",2067.05391201025
"tree",1983.15446382461
"grassland",1926.08240678082
"shrub",115.419593695853
"cropland",1164.72420088471
"built",2554.12099584172
"bare",1277.46211123036
"mangrove",73.5781922749647
"cattle",190.362172313751
