"covariates","waic_increase"
"precipitation",1346.63491635469
"shrub",3397.84888800828
"cropland",6402.49060216952
"water",2462.05809012902
"cattle",3319.03269177064
"grassland",2490.30392044462
