"covariates","waic_increase"
"elevation",1793.09379066784
"human_fp",2504.18790015997
"cropland",2752.3193854893
"built",712.557542893086
"mangrove",75.0617065575152
