"covariates","waic_increase"
"elevation",493.761415817191
"tavg",377.114354380274
"human_fp",1040.42825263035
"tree",17.4758190993653
"grassland",17.192072435304
"shrub",16.9862698046836
"cropland",17.3780184074258
"built",17.1365661026375
"bare",15.4267178816426
"water",16.425411163671
"wetland",16.7262495759296
