"covariates","waic_increase"
"precipitation",2736.6923967595
"tavg",1985.73960206214
"tmax",2411.54166464859
"human_fp",3453.88881368397
"pop_den",82.4025627854389
"built",1741.44248467732
"water",819.495028943176
