"covariates","waic_increase"
"elevation",2308.48447553382
"tavg",796.34121576173
"tmax",982.466176073469
"human_fp",112.574944525701
"pop_den",1680.38814899263
"tree",4.59391303653501
"grassland",6.86323840913792
"shrub",6.41964740588082
"cropland",21.9988870415382
"built",4.55377810953541
"bare",50.2876078042045
"water",6.94642740375093
"wetland",3.05555776415167
"mangrove",11.1577703336898
"tsetse",214.341211189565
