"covariates","waic_increase"
"elevation",151.827287150159
"precipitation",1093.97160220213
"tavg",1180.11860691557
"tmax",1112.2862219565
"human_fp",2348.47823556545
"tree",76.8119826607654
"grassland",77.5001494181524
"shrub",77.1097351896879
"cropland",51.8814628821747
"built",88.2769481982723
"bare",87.450520414026
"water",75.4825663541178
"wetland",9.15143243711645
"mangrove",160.444312767089
