"covariates","waic_increase"
"pop_den",962.982817189561
"shrub",870.6335061506
"bare",1449.70320962043
"water",569.54451411137
"wetland",125.169532163231
"human_fp",3791.14026425903
"cattle",1330.83452539331
