"covariates","waic_increase"
"elevation",2311.72614747977
"precipitation",490.68766263181
"tavg",1240.65886112836
"tmax",1305.23709132258
"grassland",4713.93216389668
"shrub",5422.56671453425
"cropland",3961.84426181439
"bare",1719.57302212648
"water",1585.86210550005
"wetland",77.2010480475456
