"covariates","waic_increase"
"elevation",934.309579963941
"precipitation",351.363513909811
"tavg",660.22246557902
"human_fp",68.0718852923892
"pop_den",815.609774322977
"tree",2761.09783724436
"grassland",1771.82567948485
"shrub",1350.49965950107
"cropland",882.579045472499
"built",869.273068850554
"water",258.21185534351
"mangrove",58.1817089528231
