"covariates","waic_increase"
"tmax",1324.36352451435
"human_fp",1565.48068062125
"pop_den",782.602371573357
"tree",21.6402145303709
"grassland",21.8676530256434
"shrub",21.332636814619
"cropland",21.3090997834042
"built",21.466233784522
"bare",7.85251826686363
"water",8.23324061702988
"wetland",45.9879702188555
"cattle",1373.15510644431
