"covariates","waic_increase"
"elevation",1879.53373876255
"tavg",1625.20868164801
"tmax",1669.46781264543
"human_fp",875.558996605265
"tree",29.7253646249337
"grassland",29.7405674823203
"shrub",29.6461427055947
"cropland",29.0814888756795
"built",29.6912834427858
"bare",33.2790389474176
"water",33.3595939376755
"wetland",29.5724139679587
"cattle",512.16423108157
"tsetse",1581.5460272831
