"covariates","waic_increase"
"elevation",965.272824006599
"precipitation",2688.41074697955
"tavg",1554.57565527746
"tmax",802.909066396034
"pop_den",1669.86268771478
"tree",245.43534689861
"shrub",501.892926124036
"cropland",2071.3953756543
"built",2893.15164128499
"wetland",7.77420584028914
"mangrove",37.170058601665
"cattle",308.875100282004
