"covariates","waic_increase"
"human_fp",1189.90578793773
"built",688.120360317178
"cattle",2060.33976752304
