"covariates","waic_increase"
"tmax",143.091591947068
"pop_den",3543.13567192002
"bare",2988.89128004096
"cattle",3181.28014139435
"water",527.62137600705
