"covariates","waic_increase"
"elevation",869.270437738463
"precipitation",1012.84933292991
"tavg",1576.04237819374
"pop_den",1581.26238233709
"tree",5.47084889855614
"grassland",15.5982449897201
"shrub",10.3244548725888
"cropland",14.3997804209102
"built",3.0568396250801
"bare",43.2857423826335
"water",15.2722673616645
"wetland",13.5972316630614
"mangrove",59.0903431862789
"cattle",1224.19543571075
"tsetse",302.251639930622
