"covariates","waic_increase"
"tmax",1168.70121893156
"shrub",2542.62943430588
"built",4867.38496927619
"mangrove",0.658210116656846
