"covariates","waic_increase"
"precipitation",2615.93675293074
"tavg",1006.93645756719
"tmax",849.8388587436
"human_fp",948.510637179743
"pop_den",2608.79321160348
"tree",9.00674761307164
"grassland",260.377850118186
"shrub",41.2755626784838
"cropland",15.50495622169
"built",12.5897866298819
"bare",312.095172604511
"water",93.3276529271006
"mangrove",167.432282531247
