"covariates","waic_increase"
"precipitation",559.176972524056
"tmax",1831.61578744904
"tree",390.111767558563
"cropland",3997.56213377337
"built",8392.66594908183
"water",20.5943388178202
"tsetse",1068.52716056828
