"covariates","waic_increase"
"precipitation",2521.60300885905
"tavg",288.75695936941
"tmax",188.165589958064
"human_fp",1785.77808900311
"tree",1280.98480518501
"shrub",36.1349494319184
"cropland",1072.26150249066
"built",112.647970863181
"cattle",443.643849247721
