"covariates","waic_increase"
"elevation",1156.74065627424
"precipitation",372.057736386581
"tavg",498.689257670831
"tmax",535.797208716887
"pop_den",692.446854006836
"tree",84.7374895225348
"grassland",99.1274865455471
"shrub",99.4196373550403
"cropland",81.0655092415109
"built",56.7880907531107
"bare",94.8284511424172
"water",99.0279293518797
"wetland",6.94025811199754
"mangrove",674.00195920636
