"covariates","waic_increase"
"elevation",265.938567300254
"tavg",141.553719341435
"tmax",757.886514740378
"human_fp",669.475457678691
"pop_den",1330.69967934466
"tree",62.0174194096035
"grassland",84.1927933212246
"shrub",60.056578554555
"cropland",66.5820547126605
"built",63.0482901090327
"bare",87.9434398524791
"water",83.4835391759298
"mangrove",5.56184763865895
"cattle",1055.01932348872
"tsetse",472.047834674762
