"covariates","waic_increase"
"elevation",1509.70098357237
"tavg",1866.04243963928
"tmax",2413.71961719793
"pop_den",1125.80481519606
"tree",242.36683360652
"grassland",75.4663964962529
"shrub",758.953527409392
"cropland",164.445482165143
"built",397.650207693561
"water",523.14274044
"wetland",33.9725288326044
"mangrove",109.94048736227
"tsetse",1435.70033289906
