"covariates","waic_increase"
"tmax",1606.46765450364
"human_fp",3338.54238145232
"pop_den",206.477299783879
"shrub",3754.12531900203
"bare",496.741385351361
"wetland",447.297860350805
