"covariates","waic_increase"
"human_fp",251.868406667259
"pop_den",607.70628143507
"tree",1689.6861409761
"grassland",1215.78779392164
"shrub",898.139137726195
"cropland",1304.39285272956
"built",629.726866162675
"water",55.3923676997674
"wetland",36.3586661552526
"mangrove",1.91582912494232
