"covariates","waic_increase"
"elevation",2343.6607801993
"tavg",1151.78070567154
"tmax",1904.74575887379
"tree",33.7646732937264
"grassland",33.853899962789
"shrub",34.119247182658
"cropland",32.6846444553175
"built",34.1919447037526
"water",33.7798768787416
"wetland",32.859936858451
"mangrove",368.508076894126
"cattle",1684.40324632697
"tsetse",532.903319946638
"bare",1.78518603648445
