"covariates","waic_increase"
"elevation",2005.65609140154
"precipitation",356.427559142357
"tmax",1810.5990279573
"human_fp",160.298055446858
"pop_den",1866.74532914866
"tree",24.7131905127699
"grassland",24.3221252219028
"shrub",27.1713641813567
"built",24.7302835057071
"bare",31.1900424896721
"water",30.6134284286363
"wetland",25.0870784299696
"mangrove",427.493662988303
"cropland",0.646683285425752
