"covariates","waic_increase"
"tavg",1441.24822711805
"human_fp",1670.61994964662
"pop_den",588.54781291489
"tree",3.09189644304024
"grassland",3.22790968807021
"shrub",3.18859818963392
"cropland",3.04407673204696
"built",3.09092009442247
"bare",3.17201360032414
"water",3.4218162264624
"wetland",1.55773254565429
