"covariates","waic_increase"
"precipitation",4531.42139630568
"tavg",3338.45504258636
"tmax",816.695796256452
"pop_den",3212.00317710411
"tree",8.1109152921963
"grassland",7.24390476891131
"shrub",7.33403870687107
"cropland",8.165997924556
"built",8.32652235859132
"bare",5.58301317070254
"water",6.75867340087643
"wetland",4.76241847741585
"cattle",3014.73768973502
