"covariates","waic_increase"
"elevation",844.785880344818
"precipitation",1622.97430527574
"tavg",384.238028477434
"tmax",310.579588096349
"pop_den",2551.72045089529
"tree",5.70360268803779
"grassland",4.68900173288785
"shrub",4.42855490673901
"cropland",5.01698700431734
"built",4.9188044291659
"bare",2.7729323028434
"water",3.43916954262386
"wetland",4.83643235817726
"cattle",1716.08114923172
