"covariates","waic_increase"
"elevation",1596.15820014988
"precipitation",1301.64020165526
"tavg",1544.17567683473
"tmax",603.62661212978
"pop_den",3009.68997698196
"grassland",2046.29704160826
"shrub",1115.63608949558
"cropland",4157.94179820594
"built",341.028030807345
"water",1283.245197942
"mangrove",71.5579041034434
"cattle",2859.48315132176
"tsetse",609.741704549419
