"covariates","waic_increase"
"elevation",1217.3174020345
"precipitation",617.716173269779
"tavg",758.201949458497
"tmax",1716.38431341514
"tree",3.1237977112869
"grassland",2.88139547245009
"shrub",2.84193122143552
"cropland",2.92715090683851
"built",3.20641247274762
"bare",2.15608040599545
"water",2.33483583873385
"wetland",2.75519039552819
"tsetse",389.537917831622
