"covariates","waic_increase"
"precipitation",543.611704628678
"tavg",1273.62412329609
"tmax",1564.23920332152
"human_fp",259.417918350187
"pop_den",1205.60849233769
"tree",2.65553481850839
"grassland",3.04807781592172
"shrub",2.16104242416804
"cropland",1.3710810962657
"built",2.6947425174294
"bare",1.24328176451309
"water",2.20850576929297
"cattle",746.185349528407
"tsetse",644.438591421251
"wetland",2.33160524173218
"mangrove",0.893099267143043
