"covariates","waic_increase"
"pop_den",1451.92073404601
"tree",1555.79954213519
"cropland",482.158356897367
"built",2606.58903207079
"bare",1083.1773656659
"water",2.02010118745966
"cattle",6197.92345749853
