"covariates","waic_increase"
"elevation",1574.03580862893
"precipitation",2027.379330758
"tavg",1520.45292841858
"human_fp",169.336831360446
"pop_den",1081.31975295475
"tree",4.21522765722148
"grassland",3.10893446620867
"shrub",3.11647258079574
"cropland",3.26776670616164
"built",4.03455498548101
"water",1.21928659469268
"wetland",7.60530245077825
"mangrove",27.0491787153769
"tsetse",257.011998508906
"bare",1.14532788154247
