"covariates","waic_increase"
"elevation",2277.68520900703
"tavg",2090.74398240796
"tmax",867.350336862562
"human_fp",299.822639989468
"pop_den",1860.17975169159
"tree",3783.1036736136
"grassland",3906.48129173832
"cropland",2066.76942877477
"built",3267.22236853784
"bare",1048.45143267981
"mangrove",42.8128730706903
"cattle",2080.49836462406
"tsetse",579.988541553577
