"covariates","waic_increase"
"elevation",1984.32653776881
"pop_den",1519.0785059317
"tree",1987.68393949965
"grassland",876.530320391837
"shrub",4086.78079833751
"built",8053.25034261631
"water",99.2083353683411
