"covariates","waic_increase"
"elevation",2367.91787511181
"precipitation",265.172893759169
"tavg",2388.2106933354
"human_fp",369.777417935446
"pop_den",1268.51845649256
"tree",4.07300673101054
"grassland",3.52367422858151
"shrub",4.56680867189425
"cropland",3.95669992264448
"built",3.92475153821943
"bare",3.09026928201274
"water",3.59912755803816
"mangrove",21.2960996517286
"cattle",455.082847931666
"tsetse",181.486335836773
"wetland",0.895506159922661
