"covariates","waic_increase"
"precipitation",2568.44031499091
"tavg",546.196738285522
"tree",1660.31614937413
"grassland",249.83229397031
"cropland",7149.91416625514
"built",6437.56494684767
