"covariates","waic_increase"
"precipitation",794.58186238855
"tavg",472.333714004821
"tmax",587.193516396504
"human_fp",1056.49041827501
"pop_den",3168.33586889121
"tree",1853.22242468396
"shrub",648.770090914239
"cropland",1183.48482204311
"built",1707.49305620457
"cattle",1060.24343203095
