"covariates","waic_increase"
"tavg",117.93310927064
"tmax",314.303860185037
"shrub",1278.32856691404
"built",8905.60364989703
"water",70.9432028663414
"tsetse",655.224426435379
"mangrove",10.3332218814921
