"covariates","waic_increase"
"elevation",1639.52735853964
"precipitation",2072.87342500662
"tmax",549.680704077178
"human_fp",2681.64681503078
"pop_den",2064.97509016401
"tree",23.8933842065344
"grassland",23.2827143957493
"shrub",23.0630918146344
"cropland",23.0862894501588
"built",50.93935019524
"bare",40.2903637853033
"water",33.7207553560511
"wetland",8.3569718793533
"cattle",1243.93130243114
"tsetse",910.465125625509
