"covariates","waic_increase"
"human_fp",2832.47335088458
"shrub",1192.4026175176
"cropland",435.028022181214
"built",26.5312876470416
"water",770.145453923691
"wetland",726.466811618086
