"covariates","waic_increase"
"elevation",1027.09817892687
"precipitation",946.800524570779
"tavg",903.219161294186
"tmax",3078.66354436051
"pop_den",2738.8896181098
"tree",8.46614918891464
"grassland",7.72921649993623
"shrub",7.57251331936277
"cropland",7.84832573879976
"built",8.05299971079694
"bare",10.4182181703509
"water",6.46668757620137
"wetland",7.92839936106975
"mangrove",67.0959199880926
"cattle",2511.88058576994
