"covariates","waic_increase"
"elevation",1431.5372945302
"tmax",594.04647844411
"pop_den",3566.76871735489
"tree",6.90381695419455
"grassland",5.88785961863141
"shrub",2.4383990600727
"cropland",8.80054121533976
"built",7.08804070286897
"bare",21.6110707267253
"water",3.03072832732687
"cattle",1885.40032946134
"tsetse",2003.93784530539
