"covariates","waic_increase"
"precipitation",21.4165461434277
"tavg",1133.09034704275
"tmax",521.858184118395
"human_fp",1753.67726848104
"pop_den",1481.44694930857
"tree",14.0577542388401
"grassland",14.1355849241372
"shrub",13.2087697618772
"cropland",18.0246118980758
"built",14.1749351238686
"bare",26.5887984393048
"water",14.1571100814981
"wetland",7.2926249316497
"mangrove",106.712691350931
"tsetse",531.808624089019
