"covariates","waic_increase"
"tmax",2373.1124278635
"human_fp",1920.01095847188
"pop_den",319.895132681089
"tree",1877.80749474413
"grassland",4940.16153163402
"shrub",14.0377537679269
"built",553.903475935043
"bare",1822.36158349429
"water",2906.86607854999
"wetland",335.543666582027
"mangrove",4.72420322551807
"cattle",2068.9694688725
"tsetse",3047.31293726078
