"covariates","waic_increase"
"elevation",1411.30307076567
"precipitation",179.131712024433
"tavg",1724.36431601238
"pop_den",3375.65377443124
"tree",33.6228033957104
"grassland",33.8873599917006
"shrub",34.1857127711373
"cropland",33.8678812385388
"built",34.4061897063366
"bare",81.8401396501049
"water",33.2601498864096
"wetland",34.7262812923709
"mangrove",168.665499384098
"cattle",1896.65393261454
"tsetse",615.776269740245
