"covariates","waic_increase"
"elevation",306.074719141865
"precipitation",2720.46310514871
"tavg",755.262343103608
"tmax",1109.11366924632
"human_fp",25.2291597858057
"pop_den",495.626568744097
"tree",39.2627747485603
"grassland",38.3080281688526
"shrub",38.3695610271607
"cropland",38.6210199616798
"built",38.3096795862493
"bare",36.982646290393
"water",37.5257940461561
"wetland",42.0607130006028
"mangrove",9.17033785786771
"cattle",181.252082633469
