"covariates","waic_increase"
"elevation",1809.28443594574
"precipitation",1681.09753775634
"tmax",717.691727549072
"pop_den",2877.10940724379
"tree",1363.64847472739
"grassland",2221.24180985156
"shrub",68.6460511100322
"cropland",690.837926604963
"built",932.659618816415
"water",1982.04024337064
"wetland",1437.40797761291
"mangrove",94.7195272832942
"cattle",2891.18388238455
