"covariates","waic_increase"
"human_fp",666.504697985591
"pop_den",605.354529520946
"tree",1409.89633118096
"shrub",442.296307890341
"cropland",1211.45596962547
"water",125.842816913053
"mangrove",11.0472385106877
