"covariates","waic_increase"
"tmax",836.557579040646
"cropland",1035.35130730601
"water",0.248202741229761
"human_fp",2185.60476996228
