"covariates","waic_increase"
"elevation",2114.97701979416
"precipitation",1540.21971206116
"tavg",1542.01204433071
"grassland",1321.38718375478
"shrub",5004.42769000141
"cropland",2575.86497104459
"water",192.972997759534
"wetland",46.9494680983153
"mangrove",0.784654218725336
