"covariates","waic_increase"
"elevation",419.920054320151
"precipitation",925.448581333607
"tavg",487.423159048107
"tmax",1190.75970071556
"pop_den",648.045420613249
"tree",3.17103909121579
"grassland",3.21869432228596
"shrub",4.6337168720529
"cropland",3.57775518658309
"built",1.89354123233534
"bare",3.26545658734176
"mangrove",26.2297341306221
"tsetse",2038.02105543751
"wetland",3.55558154567916
"water",1.18632246269226
