"covariates","waic_increase"
"precipitation",4217.00811457327
"tmax",305.376779371894
"shrub",2325.20415912746
"built",6583.77607850272
"water",397.670783841817
"tavg",101.752979338282
