"covariates","waic_increase"
"elevation",1867.25888282648
"precipitation",200.16946348266
"tavg",350.686786064072
"tmax",605.188298587351
"pop_den",2206.71768096704
"tree",60.8844394108764
"grassland",110.040988604125
"shrub",101.703868245335
"cropland",106.630225132349
"built",43.1705037298507
"bare",48.3576168473428
"water",116.472029056169
