"covariates","waic_increase"
"elevation",1662.65734665936
"precipitation",1150.34493989462
"tavg",959.00619899232
"tmax",88.2244041951781
"human_fp",1083.00523032116
"pop_den",799.556021776618
"tree",14.5619257306898
"grassland",13.5590651061138
"shrub",60.2151647631908
"cropland",13.8099619275818
"built",14.051739304643
"bare",55.457603832896
"water",108.193757962621
"wetland",27.2681655423112
"tsetse",882.367914026319
