"covariates","waic_increase"
"elevation",10.4270145366281
"precipitation",1271.03734647878
"tavg",287.528491123052
"tmax",173.645672863364
"human_fp",1208.90243248195
"pop_den",936.199826117252
"tree",18.631256850018
"grassland",17.5331393057968
"shrub",17.4266967317344
"cropland",18.2117047079555
"built",18.7317072672013
"bare",16.5754104003245
"water",16.9693972472669
"wetland",39.9241013910505
"mangrove",72.2252149869782
"cattle",497.159421864697
"tsetse",10.7745909493642
