"covariates","waic_increase"
"precipitation",4315.15058179018
"tavg",1422.70423147646
"tmax",1664.33843899175
"tree",2.05489604183094
"grassland",2.12595744179816
"shrub",1.49401352700806
"cropland",1.19764188305999
"bare",0.549564903103601
"water",1.7529119501196
"wetland",3.04654918812957
"mangrove",6.94804681199275
"elevation",294.649567277276
"built",0.605649005041414
