"covariates","waic_increase"
"elevation",1025.27101178774
"precipitation",554.21561418075
"tavg",930.722849488971
"human_fp",119.240732350767
"pop_den",724.004383752792
"tree",10.3105089018245
"grassland",10.397464579919
"shrub",8.58978425613896
"cropland",10.1304136507242
"built",10.2763113653673
"bare",9.68007748997661
"water",8.95383539652903
"wetland",9.83775933974721
"mangrove",10.5595627329567
"cattle",657.457735920187
