"covariates","waic_increase"
"elevation",916.313365119033
"tmax",907.055685479821
"human_fp",1600.35721356138
"built",2207.82319372552
"bare",423.6085095331
"water",121.454221900676
