"covariates","waic_increase"
"elevation",214.874040664392
"tmax",1268.89926453439
"pop_den",1938.04099371368
"tree",4.30833571181938
"grassland",42.0566626305408
"shrub",13.2590608716673
"cropland",6.7845294156723
"built",7.78021313022327
"bare",6.0367249273695
"water",6.48634215819584
"mangrove",12.6322583103356
"cattle",214.562606636846
"tsetse",621.172488695771
