"covariates","waic_increase"
"human_fp",1206.82187758171
"pop_den",3746.83757329829
"tree",0.417638405593607
"grassland",3.73864140663864
"shrub",2.14985335159145
"cropland",1.92437769452954
"built",3.53069207667431
"water",13.8709138737249
"wetland",12.7011448737067
"mangrove",101.017935132964
"cattle",3789.33502115121
"bare",0.285933445386036
