"covariates","waic_increase"
"elevation",2871.27674743981
"precipitation",1809.6553467729
"tavg",2809.57715205648
"human_fp",922.752238325003
"pop_den",2497.72409772041
"tree",3.08226330280013
"grassland",9.83175326439232
"shrub",9.6777725220054
"cropland",9.87051237793639
"built",9.896225852317
"bare",9.1076879014945
"water",9.58147962971634
"wetland",2.07470886984265
"mangrove",621.863153349041
"cattle",2472.4230385344
"tsetse",1158.24664885386
