"covariates","waic_increase"
"elevation",1239.70686396351
"precipitation",2310.21451887287
"tavg",1152.83691356824
"tmax",1072.3578119659
"human_fp",1396.14356232155
"tree",1238.06915279676
"grassland",1296.39548041798
"shrub",1840.11020382024
"cropland",1702.17853706689
"built",2175.03008514603
"bare",35.8210745610322
"wetland",23.891315857818
"cattle",928.669231275453
