"covariates","waic_increase"
"elevation",754.072333864457
"precipitation",3555.48436412019
"tavg",794.294581049406
"tmax",331.348114163517
"human_fp",4727.71333239245
"tree",0.98282574679979
"grassland",0.81158814524315
"shrub",26.1968759777046
"built",0.620682510922052
"bare",24.5592909943662
"water",26.3060989322512
"wetland",7.23774311127272
"cropland",0.422376768809045
