"covariates","waic_increase"
"precipitation",399.910894396915
"pop_den",1568.92056691945
"tree",3403.41334132174
"grassland",2001.83641098152
"cropland",642.148799785631
"built",4155.43482551005
"bare",2752.04843497229
"wetland",13.2756001258094
"cattle",1666.98537193636
"elevation",649.168367706556
