"covariates","waic_increase"
"elevation",2673.77540360445
"tavg",4370.54401689029
"tmax",1302.84049492943
"human_fp",1804.2859228185
"pop_den",2332.78201309797
"tree",2.78040356768543
"grassland",2.80757540910417
"shrub",5.18713464776374
"cropland",2.81549630228619
"built",2.87326082503023
"bare",5.29712545938673
"water",5.13713646924225
"wetland",18.637328799683
