"covariates","waic_increase"
"elevation",417.014398357695
"precipitation",535.369400785179
"tavg",303.424561014541
"tmax",650.809482195753
"pop_den",1180.10939073543
"tree",26.5922665638955
"grassland",26.2486972695315
"shrub",34.6307380802937
"cropland",26.0212993981349
"built",25.3871291889463
"bare",33.6138142437721
"water",34.0670032227681
"wetland",4.06927768414425
"mangrove",33.9576341241209
