"covariates","waic_increase"
"elevation",410.652890764139
"precipitation",1702.94812729881
"tmax",731.943555859303
"human_fp",1832.27198108157
"pop_den",111.661978742768
"tree",91.61600656472
"grassland",91.357128265483
"shrub",90.504926210775
"cropland",90.5747837813433
"built",90.3468184029316
"bare",89.6052910945782
"water",89.4404497247051
"wetland",5.02102055060095
"cattle",1271.01559031235
"tsetse",1473.98469374802
