"covariates","waic_increase"
"elevation",1087.71929189228
"precipitation",5.63165941414809
"tavg",958.443650196226
"tmax",1430.68271886766
"human_fp",127.593294871804
"pop_den",1337.92493186686
"tree",53.3920228219249
"grassland",53.8893111644866
"shrub",70.1403303485458
"cropland",75.3482024946697
"built",100.640831090812
"bare",100.708791408986
"water",70.1403132233772
"wetland",111.383822891141
"mangrove",646.121336767661
"cattle",1212.61599865822
"tsetse",501.338826591818
