"covariates","waic_increase"
"precipitation",2245.42387324605
"tavg",3052.27421263027
"human_fp",482.529426510735
"pop_den",1603.40414039628
"tree",2586.63411111313
"grassland",642.604869333734
"cropland",4549.2712545229
"built",1884.70315689111
"bare",2301.43951076386
"wetland",2.60458206708427
"tsetse",269.551073054368
