"covariates","waic_increase"
"elevation",1156.78056395196
"precipitation",1185.72179673732
"tavg",990.569289068928
"tmax",108.139094955772
"pop_den",1446.98437877662
"tree",1971.57355865655
"grassland",1387.35200972479
"shrub",1522.31146244317
"cropland",1820.23068889286
"built",1294.02248922458
"water",699.911071148013
"wetland",88.345052992303
"cattle",368.248760715029
"tsetse",538.677629583035
