"covariates","waic_increase"
"elevation",2274.31919544237
"precipitation",2629.65470586311
"tavg",1936.02440849048
"tmax",2270.47446855748
"human_fp",297.172409971316
"pop_den",1328.77680623969
"tree",424.119462162636
"grassland",1414.52101169529
"shrub",288.653941858551
"cropland",86.2510566029832
"built",333.286767312909
"water",848.624631319453
"wetland",222.235172179009
"mangrove",393.303840851024
