"covariates","waic_increase"
"tavg",5123.24183420472
"tmax",4852.64918767732
"pop_den",2011.8460978884
"tree",0.870830158417448
"grassland",0.677981875136538
"cropland",0.746521067803769
"built",0.684104453606778
"bare",0.472353018472859
"water",0.45820744629782
"wetland",10.678251686606
"tsetse",5363.89341839733
"shrub",0.211790249632031
