"covariates","waic_increase"
"elevation",2886.82682354862
"tmax",1912.81732876534
"human_fp",145.552167909229
"pop_den",371.76679685915
"tree",0.583769447990562
"grassland",0.266885181643374
"shrub",0.373505736351945
"cropland",0.424193071006812
"built",0.509775213913599
"bare",20.3754883345482
"wetland",0.455683285397754
"cattle",636.953478885882
"tsetse",1248.40094896326
"water",0.262613598808457
