"covariates","waic_increase"
"elevation",2473.15705781662
"tavg",2500.68323866455
"human_fp",803.525225543855
"pop_den",2515.91097708029
"tree",2977.03554858692
"shrub",2421.66778003217
"cropland",3656.70352354209
"wetland",6.41456112279411
"cattle",3945.34705399638
"tsetse",2144.66737370342
"tmax",2367.94891637393
