"covariates","waic_increase"
"elevation",299.645212767831
"precipitation",1899.63947494131
"tavg",974.651906226592
"pop_den",1479.7764572519
"tree",41.9056248853813
"grassland",50.0886430907121
"shrub",54.7927164000066
"cropland",43.1040732805195
"built",33.7365441743859
"bare",148.117548646358
"water",65.2423037005137
"mangrove",3.99208634730167
"cattle",2658.35981943651
"tsetse",1813.15508140938
