"covariates","waic_increase"
"elevation",457.426588516741
"precipitation",1062.89654395465
"tavg",485.52032914174
"tmax",1029.06740400612
"human_fp",47.0248251955854
"pop_den",817.249305551584
"tree",2392.11851505706
"grassland",994.508271643885
"cropland",2461.73280600381
"built",221.154822114488
"bare",2587.39311495941
"water",2134.31382849099
"wetland",40.6478186285603
"cattle",347.569627716213
"tsetse",669.594362632655
