"covariates","waic_increase"
"elevation",35.5895230372444
"precipitation",1211.95711515996
"tavg",685.412463773739
"tmax",1127.92609563973
"human_fp",2715.65548629933
"tree",3.27717668041623
"grassland",2.86005716111686
"shrub",4.09629660912287
"cropland",3.39683145268282
"built",3.74854972389221
"bare",5.75147389129052
"water",3.16330230841413
"wetland",2.74765505633513
"mangrove",346.911236391803
