"covariates","waic_increase"
"tmax",1325.08559812958
"human_fp",9927.41349643696
"bare",1798.94870340238
"water",230.111307275425
"cropland",1668.17697453627
