"covariates","waic_increase"
"tree",3289.93440651966
"cropland",5150.84598355859
"built",7095.88774387763
"tsetse",1512.22519237365
"cattle",2715.30723855739
