"covariates","waic_increase"
"elevation",1160.21419626485
"tmax",1194.44345057507
"human_fp",3969.90154141169
"pop_den",2968.48649256921
"tree",616.674175062817
"grassland",900.530807788316
"shrub",417.296499247561
"cropland",389.201016046733
"built",356.250236709995
"water",503.970631614451
"mangrove",36.5562731053724
"cattle",2123.48682293469
"tsetse",1765.95648732867
