"covariates","waic_increase"
"elevation",1230.87833421831
"tmax",1197.83332576236
"pop_den",2042.23253488965
"tree",1.53073093840976
"grassland",1.6691531874767
"shrub",0.785864359984771
"cropland",1.46055495715154
"built",15.306365596558
"bare",1.05136131222753
"water",1.39878539443635
"mangrove",64.3193380099929
"tsetse",1952.87791292245
"wetland",0.0903366232305416
