"covariates","waic_increase"
"elevation",600.961593528842
"precipitation",1302.52744407045
"tavg",109.900002038939
"pop_den",481.701890061824
"tree",13.0841531502483
"grassland",13.6070725807695
"shrub",14.5455876129745
"cropland",13.3802265405357
"built",12.2357736011618
"water",13.9467091749393
"wetland",14.1102077229552
"mangrove",90.0575562480735
"tsetse",392.611845304276
"bare",0.631131202873803
