"covariates","waic_increase"
"tavg",1124.07813095063
"tmax",1475.01235973398
"human_fp",392.663158541352
"pop_den",3949.96354181159
"tree",6.94569319552465
"grassland",6.43599925990202
"shrub",7.22825949620892
"cropland",4.9026563079351
"built",6.86382281775877
"bare",6.36040082417458
"water",6.54115307012034
"wetland",5.13259969538558
"mangrove",2.44071496339166
"cattle",2417.11662711685
"tsetse",1476.07766787966
