"covariates","waic_increase"
"precipitation",66.1349824815097
"pop_den",2777.62519843666
"grassland",244.008703634789
"cropland",2652.21811695036
"bare",822.981695259617
"water",459.947101318008
"cattle",6492.04780417732
