"covariates","waic_increase"
"precipitation",3487.90221733424
"pop_den",5530.17883796041
"tree",1379.0454854566
"grassland",9511.43141336731
"bare",7868.28873027217
"water",6.13609148653086
