"covariates","waic_increase"
"elevation",1767.25637006645
"precipitation",228.152130156141
"tavg",1860.86530127391
"tmax",962.935249373657
"human_fp",305.82391669868
"tree",5.88904381030989
"grassland",3.80819439740117
"shrub",3.44959016667235
"cropland",3.57959154038144
"built",5.80102432023705
"bare",24.8774965223365
"water",17.7008384619076
"wetland",3.47336930766141
"cattle",814.463263812138
