"covariates","waic_increase"
"elevation",2530.58100583117
"tavg",901.205014031537
"tmax",1666.73536516874
"human_fp",15.2704155510582
"pop_den",1732.99248489946
"grassland",1446.81751386455
"shrub",2730.07888908977
"cropland",1453.08581397297
"bare",2524.05503934835
"water",222.502655455719
"mangrove",7.85960406846425
"cattle",588.691882446572
"tsetse",276.381577090533
