"covariates","waic_increase"
"elevation",775.193675970211
"precipitation",672.969628675501
"tavg",157.904134291206
"pop_den",2342.10416098607
"tree",72.9327227158028
"grassland",110.679435083815
"shrub",98.7560635062982
"cropland",71.3706363839192
"built",62.9117217632011
"bare",93.2060848968904
"water",103.479335608157
"mangrove",21.6849825073186
"tsetse",5.58624977611908
