"covariates","waic_increase"
"elevation",1397.01570745297
"precipitation",851.757429628167
"tavg",3201.0834637154
"tmax",1784.33340164182
"pop_den",1849.53025825205
"tree",1225.61396264932
"grassland",1414.02956301018
"shrub",471.445912608331
"cropland",434.394808274683
"built",537.842488732978
"bare",65.345142142909
"wetland",2.52382547283923
"mangrove",7.58122761093182
"cattle",1147.5915388404
"tsetse",1437.38034625506
