"covariates","waic_increase"
"pop_den",1473.99478835416
"tree",0.813397288238775
"grassland",1.46569681678375
"shrub",1.60071582138335
"built",1.13122337587083
"bare",2.29854458103364
"water",1.29108555311177
"wetland",2.93493346818286
"mangrove",114.486313154963
"cattle",1709.22268121524
"cropland",0.467031792948546
