"covariates","waic_increase"
"elevation",910.277940727094
"precipitation",1687.03003893958
"tavg",697.418621644067
"tmax",703.510453212501
"tree",25.9776063633271
"grassland",25.5195746986028
"shrub",2.07937256463265
"cropland",2.25148229833758
"built",25.5695024803535
"bare",25.0427258698419
"water",24.4399853519135
"wetland",23.5580603453491
"mangrove",53.8552372950198
