"covariates","waic_increase"
"tavg",1280.87337605566
"tmax",1294.80881251149
"human_fp",1492.6671691562
"shrub",1856.55065191117
"built",3911.5316705301
