"covariates","waic_increase"
"elevation",927.563793522864
"tavg",1412.46820590319
"tmax",1343.20675863338
"human_fp",254.095465834927
"pop_den",2248.90695840358
"tree",63.6273349076291
"grassland",120.937834154727
"shrub",216.107267243162
"cropland",141.970417280192
"built",86.9392316942758
"bare",316.776374222973
"water",245.090052819844
"mangrove",30.359755359681
"cattle",4071.76086334165
"tsetse",1858.64130364175
