"covariates","waic_increase"
"human_fp",1198.51321949792
"shrub",3113.87564999948
"built",800.261078112499
"bare",1904.67589741165
