"covariates","waic_increase"
"elevation",854.052352849869
"tmax",843.680014679765
"human_fp",2409.15483630891
"pop_den",2877.17449546749
"tree",68.4876012728473
"grassland",162.175462657722
"shrub",162.541993930703
"cropland",66.8366680257823
"built",162.1812102822
"bare",161.839683348697
"wetland",655.03500507864
"mangrove",1400.62498116987
"water",1.10947161464173
