"covariates","waic_increase"
"elevation",3324.7224163022
"tmax",2960.32067983963
"human_fp",2950.04833138628
"tree",5.6528449514517
"grassland",5.88419820267882
"shrub",5.06869632419875
"cropland",4.98227842739288
"built",5.39944520277459
"bare",43.1128260376245
"water",42.7219941169715
"wetland",40.9440825183265
"mangrove",17.6858211067956
