"covariates","waic_increase"
"tavg",46.2089930842012
"human_fp",940.721638602379
"pop_den",397.958976020644
"tree",4.26389132752593
"grassland",4.4260539255265
"shrub",2.72379857649139
"cropland",29.0381544746633
"built",4.27317171450341
"bare",85.1717730935197
"water",4.49306673746833
"wetland",146.811380585259
"mangrove",43.7136926519288
