"covariates","waic_increase"
"tree",555.432885943896
"grassland",2672.82070612735
"shrub",2270.62995600619
"cropland",3069.9842637696
"mangrove",4.10444589977124
"cattle",1239.54927079211
"tsetse",671.188970629157
