"covariates","waic_increase"
"elevation",349.469743191075
"precipitation",753.76728961345
"tmax",1134.89177994887
"human_fp",1450.35182233545
"pop_den",866.02184651507
"tree",48.5605057225475
"grassland",51.9233607989154
"shrub",40.3907474402658
"cropland",37.2261950453831
"built",54.4006355441416
"bare",78.2396418771277
"water",52.3967515126315
"mangrove",1192.75361356353
