"covariates","waic_increase"
"tavg",258.069837785621
"human_fp",1087.91843626485
"pop_den",590.411413562619
"tree",3.30529811438464
"grassland",3.42710944501232
"shrub",3.41934055165257
"cropland",3.39903104782934
"built",3.41030431216859
"bare",3.17799085408114
"water",3.41301450721585
"wetland",53.3449327272647
"cattle",890.805119087392
"tsetse",5937.29337776827
