"covariates","waic_increase"
"elevation",2774.12699409722
"tmax",2172.34209688824
"pop_den",420.655633790157
"tree",452.603129177762
"grassland",5135.98041905858
"shrub",1839.61917462219
"cropland",257.845559077316
"bare",893.152931735642
"wetland",16.1428213471227
"mangrove",4.31145610160274
"tsetse",901.112778226194
