"covariates","waic_increase"
"tmax",1092.35629847548
"human_fp",1288.40661060364
"pop_den",672.188145685735
"tree",5.33015088475076
"grassland",6.21470682901236
"shrub",5.37881691519397
"cropland",4.16701778420065
"built",5.54836227663873
"bare",6.95440220291312
"water",6.5611074456956
"wetland",7.80187137247958
"mangrove",108.009338042692
"cattle",3384.48969872964
"tsetse",813.61793742914
