"covariates","waic_increase"
"precipitation",3537.1183749938
"tavg",147.941781926365
"tmax",1656.67978956312
"human_fp",1258.15055274878
"shrub",931.963019795057
"cropland",15.6706635240316
"built",481.819456355817
