"covariates","waic_increase"
"elevation",2359.14233490827
"precipitation",2588.89747408437
"tavg",2138.56385825747
"tmax",2167.87104883506
"pop_den",480.089865002297
"tree",1992.63395958367
"grassland",1459.73322870236
"shrub",1548.84985075238
"cropland",2111.8173157134
"built",2129.03841073558
"water",1162.04496732172
"wetland",278.337484668937
"cattle",1714.20811186708
