"covariates","waic_increase"
"precipitation",3358.45783546033
"tavg",127.527856081238
"tmax",388.768709149334
"shrub",3104.8897485579
"cropland",806.037265175104
"built",997.582119981742
"wetland",8.35461104341266
