"covariates","waic_increase"
"elevation",1905.02472989359
"tmax",1342.95323011616
"human_fp",4718.53880641483
"tree",1.8700509523951
"grassland",1.83949345086694
"shrub",1.6450464356185
"cropland",1.85532830349985
"built",1.72088281976357
"bare",1.58066554232209
"wetland",2.32064021970655
"cattle",1062.86068613989
"tsetse",375.27657531027
"water",1.24415087670059
