"covariates","waic_increase"
"precipitation",3256.47130356467
"tavg",1580.49145434135
"tmax",2077.19163202047
"human_fp",707.921085831258
"pop_den",792.771425001125
"tree",3.31929308344661
"grassland",3.25515555682432
"shrub",2.92720926513175
"cropland",2.96241319351429
"built",3.23688741973274
"bare",2.8142437043698
"water",3.08252788442587
"wetland",3.59362205051912
"cattle",1349.08913953934
