"covariates","waic_increase"
"elevation",1205.62656912512
"tavg",660.028748326116
"tmax",2879.92906239762
"human_fp",643.548637950487
"pop_den",1328.58175039959
"tree",9.95663497092755
"grassland",10.0458552866221
"shrub",9.93044375461614
"cropland",10.1574956023796
"built",10.1768652605042
"bare",9.64998883638509
"water",9.95399618013471
"wetland",11.3395269250232
"cattle",2571.47739379265
"tsetse",667.534244431616
