"covariates","waic_increase"
"tree",3258.06064233609
"grassland",2709.83771203803
"cropland",8921.75880704195
"water",3914.47929329521
"cattle",3489.88498730014
"mangrove",0.96948338151924
