"covariates","waic_increase"
"elevation",1258.85487059529
"precipitation",1103.66474345214
"tavg",1315.75202825618
"human_fp",115.688490894318
"pop_den",2495.14720623522
"tree",1529.98486425005
"grassland",1604.7500242566
"shrub",44.9715310571028
"cropland",324.755731720623
"built",1200.53439986417
"water",190.166394381789
"wetland",29.4929221253169
