"covariates","waic_increase"
"tavg",1112.09817456184
"pop_den",4973.51183372709
"cropland",5380.03011298066
"water",2979.09389753258
"mangrove",1489.27812249654
"precipitation",897.383998362726
