"covariates","waic_increase"
"tavg",453.320904161519
"tmax",581.353635573218
"human_fp",585.499597317259
"pop_den",373.714660576978
"tree",5.48945361040023
"grassland",5.45084392026183
"shrub",5.19162400740242
"cropland",5.33547247598108
"built",5.40453523775432
"bare",5.03643790198112
"water",5.3958652122601
"wetland",2.96231957846612
"cattle",1286.65026690708
"tsetse",2058.84274088806
