"covariates","waic_increase"
"elevation",2652.43490090264
"precipitation",1257.70877481701
"tavg",1316.58587881667
"tmax",189.947435055648
"human_fp",2901.33590814495
"tree",4.55871767015014
"grassland",3.99936748798791
"shrub",3.77272005805753
"cropland",4.18493573263186
"built",4.34822084162079
"bare",3.56876038865812
"water",3.5498511190126
"wetland",4.47745102658882
