"covariates","waic_increase"
"grassland",4571.48166572257
"cattle",17483.6246183032
"cropland",12550.4019393487
"bare",102.805369199283
"water",20.0027927602496
