"covariates","waic_increase"
"pop_den",299.687195809827
"grassland",7836.91633202868
"shrub",10735.4438055878
"cropland",3082.8649553256
"water",156.178281092361
"cattle",16712.193867708
