"covariates","waic_increase"
"pop_den",2086.58864058586
"grassland",10481.1376250032
"shrub",14678.6509195021
"cropland",4948.96062176429
"bare",426.826684578395
"water",634.808389070036
