"covariates","waic_increase"
"tree",6697.79799919754
"grassland",6563.52340552853
"cropland",1187.94366194122
"built",343.93686930291
"cattle",3496.30040575699
"tsetse",1937.17457048024
