"covariates","waic_increase"
"pop_den",119.005756032217
"grassland",1956.34175528296
"shrub",18437.5694730867
"cropland",4280.36957328973
"bare",620.18308720347
"water",334.597695545235
"cattle",20604.6337371004
