"covariates","waic_increase"
"elevation",3117.48335191986
"grassland",3016.56599495665
"shrub",15854.023116643
"cropland",2472.71935108913
"built",1359.45457876778
"cattle",3414.35316830396
