"covariates","waic_increase"
"precipitation",4900.4252955509
"grassland",6875.58510231889
"water",249.038448259656
"cattle",2187.36752457532
"pop_den",151.786363100946
