"covariates","waic_increase"
"pop_den",448.784378329008
"grassland",8078.22463952559
"shrub",16251.99721747
"bare",715.049017733589
"cattle",9929.4072588676
"tsetse",5473.03965795715
