"covariates","waic_increase"
"elevation",2426.23678441642
"tree",1963.43349880011
"grassland",4618.03879989588
"cropland",660.116199113501
"built",878.083737889669
"cattle",13652.9504386693
"precipitation",1557.87435784105
