"covariates","waic_increase"
"elevation",4639.74485301322
"tree",174.692931739322
"grassland",4044.49818661492
"shrub",1857.23303623081
"cropland",24.3299212697311
"water",163.993917400854
"cattle",5635.23105530093
