"covariates","waic_increase"
"pop_den",5853.15852136881
"tree",733.388944389808
"shrub",4011.20631925094
"built",37.2580095177836
"bare",638.515919935024
"cattle",23665.0813758646
"tsetse",5073.81993783654
