"covariates","waic_increase"
"pop_den",4186.07284172877
"shrub",13419.4512304673
"cropland",4551.16324775196
"built",4883.69313541983
"cattle",8742.67357115647
"tsetse",6001.5796389124
