"covariates","waic_increase"
"tree",1255.23869287909
"grassland",2747.82266306126
"shrub",1180.66658416124
"bare",86.0201808821876
"cattle",16382.5848699498
"tsetse",6571.48660193098
