"covariates","waic_increase"
"tree",155.822006876915
"shrub",2013.71106835925
"cropland",2050.7225626008
"built",106.158605709403
"wetland",609.752430600711
"cattle",26146.7258949276
"tsetse",5060.62172998836
