"covariates","waic_increase"
"precipitation",2133.98460668798
"pop_den",1735.78756185958
"tree",0.491325896626222
"grassland",0.296440172634902
"shrub",0.252579710111604
"built",0.572677612202824
"bare",0.859618256494286
"water",0.228725575267163
"wetland",0.583960006333655
"cattle",7408.72185739213
"tsetse",6441.45223420202
"cropland",0.179980240864097
