"covariates","waic_increase"
"elevation",8481.89452446229
"pop_den",348.557370540642
"tree",13117.0712767097
"grassland",8855.95629594993
"cropland",2737.57753853772
"cattle",15645.4906477822
