"covariates","waic_increase"
"shrub",8946.5385967844
"cropland",1339.26497526019
"cattle",10166.3546144221
"tsetse",3367.00358768154
"pop_den",696.864502390119
"built",107.719386156285
