"covariates","waic_increase"
"pop_den",969.594779361061
"tree",9694.21064155344
"grassland",1241.68830539737
"built",797.280425657991
"cattle",12379.8473246455
"tsetse",6076.16799794369
