"covariates","waic_increase"
"human_fp",17803.3272186709
"grassland",14939.9123602006
"shrub",13593.7820962545
"cattle",5286.76635727435
