"covariates","waic_increase"
"grassland",4181.91766833705
"shrub",10175.5069969531
"cropland",2335.905948397
"cattle",12689.3244114412
"pop_den",1742.54595216436
