"covariates","waic_increase"
"tree",18701.1819306652
"grassland",11676.3842213885
"cattle",2528.27712583028
"tsetse",12201.6469663732
