"covariates","waic_increase"
"grassland",11043.5092239692
"shrub",8797.9663114146
"bare",2034.36278928915
"cattle",12362.0632704314
