"covariates","waic_increase"
"grassland",1684.38105101085
"shrub",5046.61950333548
"bare",5855.50503459398
"water",535.590493250362
"cattle",13304.7012274715
"precipitation",1308.34852087409
