"covariates","waic_increase"
"grassland",963.027492550907
"shrub",11912.2899682742
"cropland",4281.64312255129
"water",745.366122466512
"cattle",1424.4364993116
"tsetse",418.765265147173
