"covariates","waic_increase"
"pop_den",91.2797688764767
"tree",1360.15654630645
"grassland",4298.99040924091
"shrub",2008.03105462341
"built",91.0063961798878
"water",145.34360003972
"cattle",10488.8788812886
