"covariates","waic_increase"
"human_fp",9570.22751176771
"tree",16624.9230150563
"grassland",15138.1789140046
"bare",4375.62892846011
"water",118.359590021653
"cattle",19745.3101843675
