"covariates","waic_increase"
"tree",11771.2525712245
"grassland",5461.83404810214
"built",25.7607380978734
"cattle",1487.72529344635
"tsetse",865.35333326523
