"covariates","waic_increase"
"tree",9073.43391139001
"grassland",11502.5414350107
"bare",2486.99231681473
"cattle",12341.7739158918
