"covariates","waic_increase"
"grassland",7473.74481944887
"shrub",12886.5923430395
"cropland",8679.53232330316
"wetland",94.6913540316527
"cattle",9024.90725754049
"tsetse",11609.9586238566
