"covariates","waic_increase"
"pop_den",8170.79017868037
"tree",5276.90697370392
"grassland",4582.96007381799
"shrub",4992.16135105414
"cropland",5393.75222939455
"cattle",10322.0121120574
