"covariates","waic_increase"
"human_fp",21554.9876920777
"grassland",4051.61093097884
"shrub",16839.1838254189
"cropland",8095.48468892868
"cattle",14113.6648514125
"tsetse",4667.03055551429
