"covariates","waic_increase"
"tree",2557.89577094282
"shrub",1284.14417772615
"cropland",2798.82519452833
"water",131.984604101301
"cattle",331.509481347697
"tsetse",888.274356434486
"pop_den",223.788804452925
