"covariates","waic_increase"
"tree",9967.76391840319
"grassland",9804.28508627471
"bare",6348.22354581691
"cattle",19779.0031731734
"tsetse",7964.35169568439
