"covariates","waic_increase"
"grassland",2360.71595271447
"shrub",12754.9226181331
"cropland",4649.18024311469
"bare",479.254706657055
"water",458.293156779939
"cattle",7688.04915056018
"tsetse",2338.78369101909
