"covariates","waic_increase"
"elevation",3736.13682483459
"tree",0.262301649403526
"grassland",0.274991663172841
"shrub",0.240798418322811
"built",0.193690357686137
"bare",0.380748825977207
"water",0.255602363125945
"wetland",0.236089243597235
"cattle",10136.6647735854
"cropland",0.132494335848605
