"covariates","waic_increase"
"tree",3395.00867351156
"shrub",8866.31006917468
"cropland",3184.96559000704
"built",633.502621154563
"bare",446.356705750528
"cattle",15066.6067787364
