"covariates","waic_increase"
"grassland",6372.0944662286
"bare",1002.44375028176
"cattle",5950.95415546788
"tsetse",1263.11795999629
"pop_den",222.290021327077
"tree",17794.7804811526
