"covariates","waic_increase"
"elevation",5199.99105213546
"pop_den",1312.07989605887
"tree",1721.42534825231
"grassland",3057.46221116201
"shrub",194.354915981981
"cropland",181.928954761301
