"covariates","waic_increase"
"tree",874.45466986997
"grassland",5241.53632401989
"shrub",1669.4912916043
"cattle",19397.4070351266
"tsetse",3007.81502915501
