"covariates","waic_increase"
"pop_den",956.743405057518
"tree",5445.82467415889
"grassland",4688.93810300589
"shrub",834.730602815442
"built",471.485783448072
"bare",610.388754727144
"cattle",7774.79147754638
