"covariates","waic_increase"
"grassland",5162.11063086116
"shrub",16640.9012252992
"cattle",13275.7454660252
"bare",887.868925589646
"pop_den",104.672199789456
