"covariates","waic_increase"
"precipitation",165.616164111998
"tree",2485.62965543661
"shrub",6642.2895863289
"cropland",7382.74401758378
"cattle",6927.26750081628
"tsetse",4077.53853690034
"pop_den",43.0886977141417
