"covariates","waic_increase"
"pop_den",1476.0553598386
"tree",12952.9891089228
"grassland",16091.1832466278
"cropland",501.383682141051
"bare",674.615217836741
"cattle",11785.8507073901
