"covariates","waic_increase"
"tree",3714.75491304452
"shrub",8518.27654366373
"cropland",3696.19467233017
"water",955.875025372698
"cattle",7766.44931071941
