"covariates","waic_increase"
"human_fp",3916.85707070307
"pop_den",10186.5839890149
"shrub",16372.1222349647
"cropland",4118.26901364009
"bare",7973.75682757296
"water",2822.17500959623
"wetland",103.88357104858
"cattle",3882.87240728386
"tsetse",109.359194892582
