"covariates","waic_increase"
"tree",4602.35847211479
"grassland",11580.8408591365
"built",2269.86814179464
"bare",2195.1441486842
"cattle",10791.695374657
"cropland",1922.63639981515
