"covariates","waic_increase"
"human_fp",1615.49259007141
"pop_den",797.798512847228
"tree",7.86541958663292
"grassland",4.58575812049821
"shrub",3.88888930099347
"cropland",7.16075873339287
"built",4.8879860910165
"bare",4.0588226748805
"water",7.64819392660138
"wetland",4.33192624727235
"cattle",15765.824428759
