"covariates","waic_increase"
"tree",1407.76344514955
"shrub",8398.8143280345
"cropland",10123.3127549685
"bare",2681.12994792089
"cattle",18168.7924416103
