"covariates","waic_increase"
"pop_den",196.906859114366
"grassland",2579.10426026495
"shrub",2122.63570624957
"cropland",3069.84421019813
"bare",814.916111900209
"cattle",15578.5447502191
