"covariates","waic_increase"
"tree",8701.94445190542
"grassland",3735.70324357993
"cropland",2284.85680137247
"water",212.480180584949
"cattle",17416.1700766496
