"covariates","waic_increase"
"pop_den",4591.32985128448
"tree",12066.994135812
"grassland",6312.59075629438
"bare",4455.19412859364
"water",3359.88166313696
"cattle",20076.8992733456
