"covariates","waic_increase"
"shrub",13508.9788880125
"cropland",2728.57083194354
"tsetse",314.966142248471
"cattle",4441.27014580501
