"covariates","waic_increase"
"elevation",5210.0733350935
"human_fp",6561.6221231969
"pop_den",1413.13015821256
"tree",3041.33422765201
"grassland",10430.0038067755
"water",36.7166532357005
