"covariates","waic_increase"
"precipitation",2211.19759930299
"tree",774.016890538187
"grassland",532.023782893928
"shrub",883.067715445664
"cropland",651.075070247774
"water",180.902578357738
"cattle",7559.64061193389
"tsetse",3764.36723948753
