"covariates","waic_increase"
"tree",9410.19437703972
"shrub",8522.3002606919
"bare",3490.44217074569
"cattle",28259.6590845228
