"covariates","waic_increase"
"elevation",3450.28001502348
"grassland",16007.6701132999
"shrub",9559.18560861336
"bare",1697.51650992115
"wetland",281.191050483882
"cattle",13505.9025376116
