"covariates","waic_increase"
"pop_den",2271.75907832207
"shrub",26492.6678335037
"cropland",4597.36088323872
"bare",2768.45289468192
"water",1467.02709790262
"cattle",21142.0179564443
