"covariates","waic_increase"
"elevation",4318.58555161439
"grassland",1258.35520843406
"shrub",4222.8941001553
"cropland",635.138620357553
"bare",587.805363221618
"cattle",2161.77458857005
