"covariates","waic_increase"
"shrub",14788.5038148956
"cattle",10378.3315180349
"tsetse",5215.25429166884
"bare",639.814187679687
"pop_den",329.50057652712
