"covariates","waic_increase"
"tree",13600.9591202922
"grassland",13068.0146933549
"bare",178.434094739525
"cattle",4294.37473242187
"elevation",6083.5724920194
