"covariates","waic_increase"
"pop_den",313.374272170309
"shrub",21402.1322261025
"cattle",18475.3507993725
