"covariates","waic_increase"
"elevation",6377.73778254197
"pop_den",3975.41176568194
"tree",0.653158008863102
"grassland",0.94846103368036
"shrub",0.914764002678567
"cropland",0.936960667226231
"built",0.818098431787803
"water",0.939035119808977
"wetland",0.868189036089461
"cattle",9183.48079145849
"bare",0.601376998638443
