"covariates","waic_increase"
"tree",10398.6736435575
"grassland",10588.4557255692
"bare",1000.98645778875
"cattle",14050.4808947429
