"covariates","waic_increase"
"elevation",3648.09683873395
"tree",4527.22008680148
"grassland",6086.57395038012
"shrub",900.863933232511
"cattle",14910.2350528721
"tsetse",4764.68212865885
