"covariates","waic_increase"
"grassland",7914.43545782486
"shrub",8135.62353511656
"bare",106.322285229377
"cattle",20124.3308912001
