"covariates","waic_increase"
"elevation",3933.8938355483
"tree",2911.64502514258
"grassland",8549.66969687818
"cropland",3952.94403983872
"built",141.006332701647
"cattle",3214.66441658125
