"covariates","waic_increase"
"pop_den",905.679760921237
"tree",14759.6658285968
"grassland",6049.99778962414
"built",176.946156399106
"cattle",4914.29351724447
"tsetse",1469.71182879979
