"covariates","waic_increase"
"tree",7786.50153270824
"grassland",9157.73278684825
"bare",4958.68093061628
"cattle",32969.0589497312
"tsetse",1495.00801363922
