"covariates","waic_increase"
"precipitation",9548.46523279507
"tree",12408.794974084
"grassland",12334.2999007691
"built",2351.05340487445
"cattle",3038.31986028614
"tsetse",4864.44549151327
