"covariates","waic_increase"
"pop_den",1888.16139789949
"tree",2087.8258490733
"shrub",12862.8377108077
"cropland",3381.9139082808
"cattle",1356.46412734521
