"covariates","waic_increase"
"pop_den",301.107689311648
"shrub",19699.676544446
"cropland",3402.48592672371
"bare",218.786973854694
"water",95.1594940530413
"cattle",7095.9296661788
"tsetse",1844.90212168036
