"covariates","waic_increase"
"elevation",8763.06400301247
"tree",7829.63764460176
"grassland",7256.61240567375
"bare",494.124830519424
"wetland",296.600753055398
"cattle",5753.24867641941
