"covariates","waic_increase"
"tree",2286.95427640951
"shrub",4352.41887988113
"cropland",3864.42764975599
"built",204.442082340312
"bare",481.450143368602
"water",209.559702209139
"cattle",3217.57538067049
