"covariates","waic_increase"
"tree",3488.89767698303
"shrub",4664.9764307276
"cropland",5503.74491525169
"built",346.834694557918
"cattle",28537.275355
