"covariates","waic_increase"
"tree",9979.55591273728
"grassland",8478.12780061377
"cropland",4358.79628424619
"built",42.0336234593342
"bare",225.182989091714
"cattle",23371.8740573497
