"covariates","waic_increase"
"tree",22643.7000291341
"grassland",6882.1111656521
"cropland",4395.53853047668
"built",15.2880787981849
"bare",350.174458246467
"cattle",1520.01105179412
