"covariates","waic_increase"
"elevation",964.77837503807
"grassland",5460.61303263297
"shrub",16493.9265831779
"cropland",4185.97846370724
"built",7353.5526083317
"cattle",8524.55315786654
