"covariates","waic_increase"
"pop_den",1171.80875278221
"tree",13527.6048251871
"grassland",6613.8319473252
"bare",505.120629123136
"cattle",7033.20493356846
"tsetse",355.655007212794
