"covariates","waic_increase"
"shrub",7428.02746962955
"cropland",480.105808867003
"cattle",21014.1052774563
"tsetse",1864.77964792478
