"covariates","waic_increase"
"elevation",7924.60015065213
"pop_den",1578.69044154803
"grassland",867.850038483113
"shrub",8307.26804585713
"cropland",466.482569952983
"built",983.348988970814
