"covariates","waic_increase"
"pop_den",1383.08694522985
"tree",15210.2055873045
"grassland",5656.89781458594
"bare",4689.59417990744
"cattle",12567.839866465
"tsetse",1353.02763363676
