"covariates","waic_increase"
"elevation",2828.39082818197
"tree",15895.1068670154
"grassland",7060.55808581361
"cattle",5046.26197374047
