"covariates","waic_increase"
"grassland",6837.99833985443
"shrub",7668.47462936931
"built",77.4190337034961
"cattle",6361.29155865508
"tsetse",6853.92021859741
