"covariates","waic_increase"
"shrub",20132.2805818397
"cropland",9601.43465767826
"cattle",9911.18992249458
"tsetse",6451.11362852606
