"covariates","waic_increase"
"elevation",11692.5280818875
"tree",6086.13296038111
"grassland",10679.5112792428
"shrub",1548.69968856584
