"covariates","waic_increase"
"tree",11721.8557483138
"grassland",10081.0553663108
"cropland",5535.51159855633
"cattle",16395.9313745111
