"covariates","waic_increase"
"elevation",10434.396337904
"tree",8162.43951522326
"grassland",9789.70218828977
"tsetse",6424.22105296324
"bare",231.938270756029
