"covariates","waic_increase"
"pop_den",1369.51485815829
"tree",15677.6264805265
"grassland",4377.80674182181
"cropland",249.610181552031
"cattle",13077.9252860187
"tsetse",1904.18566430493
