"covariates","waic_increase"
"tree",8209.77063293033
"grassland",4934.41452880173
"built",156.168916875788
"bare",150.851261384465
"wetland",1237.15567092894
"cattle",8508.77130374991
"tsetse",3263.91488238305
