"covariates","waic_increase"
"pop_den",3380.95921253983
"grassland",14990.5249522181
"shrub",10137.4425331946
"bare",1876.7305445137
"cattle",13782.384394181
