"covariates","waic_increase"
"elevation",263.91038796596
"precipitation",8566.97857893725
"human_fp",5275.9682767725
"tree",1.2246273855344
"grassland",0.705842989002122
"shrub",0.670492256133002
"cropland",1.05942570536718
"built",0.837408850355132
"water",0.702065787874744
"wetland",0.648578189138789
"cattle",13177.4042207314
"tsetse",4826.75789578141
"bare",0.545206572860479
