"covariates","waic_increase"
"tree",5090.26735483525
"shrub",8680.6506266712
"cropland",8771.70375956596
"cattle",6613.01183647347
