"covariates","waic_increase"
"grassland",6935.09183938065
"shrub",16900.3312276705
"built",5182.58421541362
"bare",13016.4148228732
"water",799.313623805632
"cattle",18128.6392053425
"tsetse",10355.6792684902
