"covariates","waic_increase"
"pop_den",1486.78733540619
"tree",18563.0485000637
"grassland",10657.1287975146
"cropland",1961.32234955176
"bare",64.2119160732254
"cattle",6376.32567526145
