"covariates","waic_increase"
"grassland",2653.7238441757
"shrub",14263.3349143444
"cropland",4373.57307707583
"bare",75.1728569546758
"water",6.96179253031733
"cattle",6566.45630108994
