"covariates","waic_increase"
"elevation",2033.67366184804
"precipitation",815.665152910253
"tree",4381.16317671909
"grassland",5368.48402381482
"cropland",801.107333883119
"cattle",3263.12541403183
