"covariates","waic_increase"
"grassland",5710.77938395498
"shrub",7047.49309160012
"cattle",14961.5300560485
"bare",222.842683710849
