"covariates","waic_increase"
"human_fp",27172.7474085716
"grassland",16394.6196012135
"bare",4359.22518626725
"wetland",1554.22583680683
"cattle",19155.9789908205
