"covariates","waic_increase"
"tree",5222.05602482543
"grassland",9341.1433844312
"shrub",57.5739943939843
"water",34.5638830390453
"cattle",15422.5924507129
"bare",160.18633804407
