"covariates","waic_increase"
"pop_den",3448.65538850676
"tree",14011.0038436324
"grassland",11328.5891364581
"built",951.73924673209
"water",21.7033889310987
"wetland",132.976371042969
"cattle",10570.0578944853
