"covariates","waic_increase"
"grassland",1992.61079790904
"shrub",13680.5900712693
"cropland",4733.50756566225
"water",43.1705381690845
"cattle",9779.84546298366
"bare",234.688830285595
