"covariates","waic_increase"
"pop_den",893.134762083653
"grassland",7751.602291856
"shrub",6483.06900993074
"built",944.891359680187
"water",220.008324401657
"cattle",23896.5374631013
