"covariates","waic_increase"
"pop_den",2325.03612676277
"tree",956.269838441585
"grassland",2852.70493882904
"shrub",2024.68272981024
"cropland",1221.61795828595
"cattle",13420.0604097807
