"covariates","waic_increase"
"elevation",1376.71527149967
"human_fp",6193.20660925038
"tree",7780.72184830219
"grassland",9834.32839579978
"bare",450.308828451023
"cattle",2591.58557552679
