"covariates","waic_increase"
"tree",1727.66305608288
"grassland",1762.00958718655
"shrub",977.687782483496
"cropland",1825.57663557288
"water",24.0136329462475
"cattle",9551.38512865758
