"covariates","waic_increase"
"grassland",7902.68806695723
"shrub",13188.2564906718
"cropland",6826.62574165627
"water",1454.06776192121
"wetland",1841.29590056157
"cattle",16609.4962180001
