"covariates","waic_increase"
"tree",23782.1154851209
"grassland",5249.00889208647
"cattle",16242.8440744694
"tsetse",6468.44173143107
