"covariates","waic_increase"
"pop_den",157.465526358857
"tree",873.650148534813
"shrub",5211.97255495722
"cropland",4071.0648165203
"cattle",13326.4293026545
"tsetse",877.037502724415
