"covariates","waic_increase"
"tree",4800.63273193972
"grassland",4904.11529926446
"shrub",4666.71679019304
"cropland",4759.58769778286
"bare",4659.33983557986
"water",1481.02563268942
"cattle",20633.3941278653
