"covariates","waic_increase"
"pop_den",2428.42680357919
"grassland",6476.4161293428
"shrub",17454.0284524084
"bare",1778.27217077119
"water",1402.92441705404
"cattle",10032.5854246283
