"covariates","waic_increase"
"tree",16514.6304743398
"grassland",8674.48390709341
"tsetse",538.339739675066
"elevation",1979.98098779385
