"covariates","waic_increase"
"tree",17121.1705475071
"grassland",13356.1184073652
"cattle",20957.4728991724
"human_fp",3991.85433863743
