"covariates","waic_increase"
"elevation",5573.08208791743
"pop_den",3012.71728251684
"shrub",23810.8081183
"cropland",5910.48374121979
"cattle",5953.47742852482
