"covariates","waic_increase"
"elevation",2705.11445502982
"pop_den",2454.64079657815
"tree",3272.4487358878
"grassland",7557.16204048178
"shrub",675.642664345905
"bare",1950.99264191136
"water",31.5450738400978
"cattle",8592.59614153234
