"covariates","waic_increase"
"tree",22503.1119946324
"grassland",10439.8334764056
"cropland",1479.02816056779
"built",3878.43642927881
"bare",5584.82639943795
"water",3750.64265759721
"cattle",19938.3984690037
