"covariates","waic_increase"
"shrub",14389.6199577456
"bare",502.108111950351
"cattle",10770.3177647866
"elevation",8132.45816060057
"pop_den",302.234032654073
