"covariates","waic_increase"
"tree",5102.31860993045
"grassland",6763.81923307091
"bare",4586.04171864595
"wetland",22.1320211111088
"cattle",14996.5926429036
