"covariates","waic_increase"
"tree",0.249883831435
"grassland",0.152048552256019
"shrub",0.144593676319346
"cropland",0.469336196030781
"built",0.216987369669368
"water",0.176991207692481
"wetland",0.165484824043233
"cattle",11984.4960433992
"tsetse",5298.072205401
"bare",0.076900837913854
