"covariates","waic_increase"
"tree",4153.50396816148
"shrub",6624.856040759
"cropland",404.102354434028
"bare",7352.13881747605
"cattle",6633.85031166082
"grassland",2119.34569424097
