"covariates","waic_increase"
"elevation",9139.97180517481
"tree",5931.3032354881
"shrub",5615.18839930752
"cropland",3258.68937412469
"bare",1509.19723330863
"water",1201.52988621291
