"covariates","waic_increase"
"elevation",15903.782918552
"tree",943.199155856928
"shrub",7575.54717907037
"bare",1350.79106962139
