"covariates","waic_increase"
"tree",12654.5720175929
"grassland",10842.9999153393
"bare",1194.53683505533
"elevation",12331.2342341219
