"covariates","waic_increase"
"shrub",14003.708276272
"cropland",3712.7030939917
"built",297.208642068341
"bare",300.542617563893
"cattle",1695.38660412899
"elevation",6010.09675623928
"pop_den",1235.22729307383
