"covariates","waic_increase"
"tree",7046.92560645692
"grassland",4054.4451568845
"shrub",4032.29184722167
"cropland",4042.66030902587
"built",4070.20148672217
"water",4022.04304844979
"cattle",12753.6564523013
