"covariates","waic_increase"
"tree",9987.79513848342
"grassland",6792.5702581954
"cropland",2216.47081388885
"bare",926.472338351858
"cattle",8465.7752244873
"pop_den",2090.48139453521
