"covariates","waic_increase"
"precipitation",14617.6751124436
"pop_den",1772.19654851596
"tree",2687.93544257012
"grassland",6346.79384037972
"bare",2709.10668307886
"cattle",17504.0427721243
