"covariates","waic_increase"
"pop_den",1550.87684255994
"tree",2600.97651413329
"grassland",11812.6585266404
"shrub",4102.40294202435
"bare",300.194295514462
"cattle",12861.6396383221
