"covariates","waic_increase"
"elevation",6926.29327865014
"tree",1022.125568803
"grassland",10486.2493929311
"shrub",1187.24073851145
"pop_den",108.345721707708
