"covariates","waic_increase"
"human_fp",5126.11667248873
"grassland",4936.26814218701
"shrub",9240.05925395191
"bare",106.046305266595
"cattle",20832.0443424885
