"covariates","waic_increase"
"tree",15436.7268038681
"grassland",11781.9733816091
"cropland",2545.07894191203
"built",46.7013834910322
"water",326.81869644361
"cattle",16117.6658871966
