"covariates","waic_increase"
"human_fp",9909.95179234613
"pop_den",6076.11288290194
"shrub",16500.9428045503
"cropland",3116.59094664668
"cattle",9387.28668230364
"bare",4911.34129488868
