"covariates","waic_increase"
"tree",6513.45171916896
"grassland",6431.52330113381
"shrub",6432.80243375101
"cropland",6499.6810391087
"water",6534.57214824031
"elevation",9291.36718618828
"built",6473.07384200663
