"covariates","waic_increase"
"elevation",1174.1433154799
"tree",10342.4623185548
"grassland",6149.86327396864
"cropland",2512.20987046591
"water",313.522299792188
"cattle",2996.86528820431
