"covariates","waic_increase"
"pop_den",532.229516099978
"tree",3102.84536112164
"grassland",126.642906765934
"shrub",169.680689113389
"bare",5398.96853793073
"cattle",16069.5457787287
