"covariates","waic_increase"
"pop_den",2540.0744366525
"tree",7568.65375253493
"shrub",10425.5055462591
"cropland",10877.2359818727
"built",6478.58199396967
"water",8211.11578215362
"cattle",12516.2072832012
