"covariates","waic_increase"
"tree",1277.77470731883
"shrub",11176.215033951
"built",3011.6380657508
"bare",340.991065476221
"cattle",35799.6643870782
"pop_den",5366.59387183547
