"covariates","waic_increase"
"elevation",7934.48463936181
"pop_den",1309.40559991389
"grassland",1605.10417097243
"shrub",6861.03696764786
"bare",6090.76707444207
"cattle",15202.8706202845
