"covariates","waic_increase"
"pop_den",1700.98057068421
"grassland",8215.61211547352
"shrub",18597.5366620155
"cropland",8530.01960824424
"bare",114.214930920178
"water",364.736448882693
"cattle",5794.2016554095
