"covariates","waic_increase"
"grassland",7556.87661855999
"shrub",13945.8221815871
"water",157.008305699746
"cattle",8225.38149312999
"bare",132.599020340138
