"covariates","waic_increase"
"elevation",4508.13116902293
"tree",756.868348975418
"grassland",13575.4681763645
"shrub",98.2979133987537
"built",1185.2435052373
"bare",6632.81500773328
"cattle",11705.8705447407
