"covariates","waic_increase"
"tree",6639.34876928103
"grassland",7356.77168063614
"cropland",4437.86674827378
"built",788.934519219853
"bare",932.671436980992
"cattle",12599.2078829386
"tsetse",4072.10304290801
