"covariates","waic_increase"
"elevation",731.644357992962
"pop_den",536.273975861455
"tree",1187.91041407862
"shrub",10806.28324567
"cropland",6053.55746332658
"built",3879.12924637405
"cattle",4361.40383757096
