"covariates","waic_increase"
"tree",950.441156546774
"grassland",1083.20462989232
"shrub",887.466169906751
"cropland",1071.00733000079
"built",1065.40212337178
"water",1153.19482945722
"cattle",1646.25112586887
"tsetse",1338.42294063361
