"covariates","waic_increase"
"pop_den",497.611554037401
"grassland",6172.78601965542
"shrub",9787.78043777171
"bare",3528.90838523507
"cattle",16957.2013571552
