"covariates","waic_increase"
"shrub",11271.5379983133
"cropland",194.05553071863
"bare",144.72079434491
"cattle",1479.96175474052
"tsetse",1002.66678467467
