"covariates","waic_increase"
"elevation",933.90724191512
"tree",2.10090221742576
"grassland",0.441195711726323
"shrub",0.11805030918913
"cropland",2.30543686643068
"built",2.00700943532865
"water",1.95646947337082
"wetland",1.85496009750932
"cattle",13798.7283142464
"bare",0.0862312074314104
