"covariates","waic_increase"
"tree",9535.73784999202
"grassland",13240.5304344598
"cropland",2002.8725735742
"built",376.351397161925
"cattle",3134.36966025037
