"covariates","waic_increase"
"pop_den",306.916583875034
"tree",3840.74898373133
"grassland",6722.61999125376
"shrub",3918.74800618483
"bare",407.55247102274
"cattle",10265.6734361523
