"covariates","waic_increase"
"elevation",5445.85705338418
"pop_den",3076.54439432059
"tree",13436.5680542856
"grassland",4373.62221925573
"cropland",4000.91587419783
"tsetse",2858.7188419819
