"covariates","waic_increase"
"grassland",333.167754063208
"shrub",5947.0367345063
"cropland",4245.94557225215
"bare",1317.40949623728
"cattle",9694.54209368619
"pop_den",1198.83130653124
