"covariates","waic_increase"
"tree",9283.77282140726
"grassland",921.308849447109
"built",4839.86209191562
"water",5057.24599979688
"cattle",14009.3395794484
"tsetse",5171.32604852397
