"covariates","waic_increase"
"tree",12872.4660564467
"grassland",6282.78983630055
"cropland",3658.49914115046
"cattle",13483.3181894515
"tsetse",1334.63815553465
"bare",443.08788654572
