"covariates","waic_increase"
"human_fp",26111.3354141122
"pop_den",4225.62065269275
"grassland",8208.05011652895
"cattle",8687.58996409315
"tsetse",13190.9560106757
"precipitation",6865.34023063767
