"covariates","waic_increase"
"precipitation",12141.9737401869
"pop_den",112.914017711795
"grassland",6194.60262283568
"shrub",4361.52442232112
"cattle",10272.6451546272
"bare",33.8132951615262
