"covariates","waic_increase"
"pop_den",199.511372747322
"tree",1533.9406217705
"shrub",7126.22522329674
"cropland",1992.4858907613
"bare",708.571970070567
"cattle",13713.1776504097
