"covariates","waic_increase"
"human_fp",4998.1721355073
"tree",11486.5110233714
"grassland",7026.02901815774
"cropland",5280.27614026364
"bare",506.369700263218
"wetland",21.7637906921154
"cattle",7653.43598311917
"tsetse",626.296090000564
"pop_den",1091.26273353079
"water",152.036082541759
