"covariates","waic_increase"
"tree",593.882890728775
"grassland",1232.17817782936
"shrub",225.690307383447
"cropland",454.483096527423
"built",766.827987691642
"cattle",5637.35492398647
"pop_den",657.182701021484
