"covariates","waic_increase"
"pop_den",1705.75070106269
"tree",20280.6674761403
"grassland",5733.71790431424
"built",6975.55692798053
"cattle",22954.01416685
"tsetse",6865.28031617362
