"covariates","waic_increase"
"tree",12381.9176956427
"grassland",7906.35978024967
"cropland",5406.40152008686
"cattle",15161.9883464794
"tsetse",704.632581388352
"wetland",149.533115101432
"water",20.2955774446455
