"covariates","waic_increase"
"precipitation",8329.436986584
"shrub",6358.53000746211
"cropland",9978.99699021314
"built",2940.3452448216
"cattle",8376.70876355765
