"covariates","waic_increase"
"tree",606.884077576877
"grassland",503.907341068974
"shrub",547.629436812604
"cropland",542.097452004193
"bare",520.251598274917
"cattle",17036.021104009
"tsetse",1609.10627583221
