"covariates","waic_increase"
"tree",1912.88579637963
"shrub",9487.73656082743
"cropland",2270.26411362126
"cattle",11440.7007869619
