"covariates","waic_increase"
"elevation",2924.13492206723
"pop_den",307.031206093139
"tree",138.591501047304
"grassland",82.4045340684606
"shrub",50.9178367680652
"cropland",118.813802296012
"built",107.697545189629
"water",46.3783844214777
"cattle",4053.38407391632
