"covariates","waic_increase"
"elevation",1649.42012418904
"pop_den",1213.87093464284
"tree",67.2666251472692
"grassland",178.751965250471
"shrub",100.490344045276
"cropland",111.645534334639
"built",178.948824983774
"water",235.917200444048
"cattle",3368.24011479701
