"covariates","waic_increase"
"pop_den",2390.20277496517
"grassland",3756.98985518491
"shrub",7769.91920430597
"cropland",6221.92960612818
"cattle",8011.68521502795
