"covariates","waic_increase"
"grassland",2468.52780274636
"shrub",15479.3320461572
"cropland",5395.2849799696
"water",60.1980048287223
"cattle",5742.06114944666
"tsetse",1197.9964000124
