"covariates","waic_increase"
"grassland",7277.0485245579
"shrub",17579.2099362948
"cropland",9284.42917937741
"bare",4743.1627391954
"water",77.8399075863636
"cattle",15994.361335887
