"covariates","waic_increase"
"pop_den",1732.05548179041
"tree",1906.35168536713
"grassland",3988.70470726838
"shrub",580.145212964693
"cropland",432.128193839919
"cattle",4063.87457052057
