"covariates","waic_increase"
"pop_den",118.580757854637
"tree",6737.07860969244
"shrub",10583.8922938173
"cropland",6867.34683054329
"bare",1076.64473652327
"water",215.844608734362
"cattle",5335.45933552676
