"covariates","waic_increase"
"elevation",274.648316492363
"pop_den",676.59981304402
"tree",0.23565047170996
"shrub",0.243502565899689
"cropland",0.261371086940926
"built",0.28260649425647
"bare",0.229909533256432
"water",0.255059758193966
"wetland",0.264531816865201
"cattle",5689.81348456826
"tsetse",264.667013881342
"grassland",0.225201394430769
