"covariates","waic_increase"
"elevation",2673.35325474287
"shrub",8963.49298262405
"cropland",3861.57869366458
"bare",457.72045650411
"cattle",9006.44985963609
"pop_den",523.050817945979
"built",20.2116594722829
