"covariates","waic_increase"
"pop_den",898.25451853338
"grassland",5118.7027169658
"shrub",13902.3942542606
"cropland",3985.06381133334
"built",1265.27718015626
"cattle",11036.4177816659
