"covariates","waic_increase"
"tree",9863.23020797242
"shrub",12146.3787673764
"cropland",6688.52339422454
"cattle",10639.0780762952
