"covariates","waic_increase"
"tree",10965.0318382932
"grassland",9886.98412147733
"water",50.4343646314228
"wetland",119.721114945423
"cattle",5114.55068828041
"tsetse",5211.04388130817
