"covariates","waic_increase"
"pop_den",2538.3138192732
"tree",1793.63742413444
"grassland",4502.75434788518
"shrub",2243.06140369717
"bare",904.939403367796
"water",1331.46454221675
"wetland",126.554111270299
