"covariates","waic_increase"
"tree",16278.467801546
"grassland",7711.81214765575
"cropland",616.265714545487
"cattle",11824.5917746495
"water",0.324890759955451
