"covariates","waic_increase"
"tree",14966.7236363006
"grassland",8657.40746079784
"cattle",7979.71246661816
"tsetse",5830.14027537264
"cropland",715.62557513587
