"covariates","waic_increase"
"pop_den",618.777127957219
"grassland",9919.97022206453
"shrub",14357.5940335409
"cattle",12327.2242055037
"bare",6448.50200687508
