"covariates","waic_increase"
"precipitation",9477.11730191061
"tree",9111.26969447469
"grassland",4493.47465239832
"cropland",1210.82672322724
"cattle",11429.1833949819
"pop_den",18.8930474961235
