"covariates","waic_increase"
"pop_den",182.6154645243
"tree",3413.56509979022
"grassland",5053.64196292222
"shrub",3067.9818832711
"bare",528.226120519706
"cattle",16057.4494766252
