"covariates","waic_increase"
"elevation",11737.2999915028
"tree",1937.72243082069
"grassland",10144.457266375
"cropland",2975.65341913544
"bare",794.364438877725
"water",1798.2288562034
"tsetse",4861.15133543315
