"covariates","waic_increase"
"tree",11552.2398680336
"grassland",12289.2101947879
"cropland",4372.05734167279
"cattle",12273.3220109549
