"covariates","waic_increase"
"tree",2805.264980639
"grassland",6938.58659270399
"shrub",102.082709070768
"cropland",1590.71142259552
"water",4396.0213364917
"cattle",16968.1932629049
