"covariates","waic_increase"
"tree",20768.1822255929
"grassland",9370.60742185442
"cropland",951.828784953977
"cattle",5695.06316559603
"tsetse",2662.95251525586
