"covariates","waic_increase"
"grassland",6364.1845987022
"shrub",19564.0059347443
"cropland",9131.05933151658
"bare",2389.06889163466
"cattle",14576.3595178055
