"covariates","waic_increase"
"tree",9158.54036365029
"grassland",13583.139320244
"shrub",7483.48026182447
"cropland",10593.882991059
"built",7306.15363936733
"water",13569.9016738851
"cattle",9995.26340022136
