"covariates","waic_increase"
"tree",3319.96578976034
"grassland",8710.08932089376
"shrub",2060.62399822374
"bare",4739.4407697659
"water",285.974383987872
"wetland",141.744938711861
"cattle",8505.54107673262
