"covariates","waic_increase"
"human_fp",2055.13242940343
"shrub",17136.3314054395
"cropland",10617.2847658907
"bare",272.018256177551
"water",324.159554620259
"cattle",15808.4085953026
