"covariates","waic_increase"
"human_fp",3986.24223296306
"tree",4719.57270128168
"shrub",10859.3153515864
"cropland",9679.9357516954
"bare",5214.51209254291
"cattle",10539.3498796029
