"covariates","waic_increase"
"pop_den",1599.04176987689
"tree",3694.63983145967
"grassland",3980.8401214196
"shrub",74.0401313091934
"cropland",2774.15665222771
"water",553.988713139515
