"covariates","waic_increase"
"elevation",8177.72490907308
"pop_den",688.105782136365
"tree",4901.47697550128
"shrub",9661.38128063909
"cropland",7962.25587359986
"cattle",4618.22854203252
