"covariates","waic_increase"
"pop_den",2080.30715075909
"tree",5550.21654011132
"grassland",6957.24261717366
"shrub",7038.72336463621
"cropland",5560.67195317839
"water",4911.42048129793
"wetland",444.935218921892
"cattle",19174.3089365786
