"covariates","waic_increase"
"tree",248.415844244548
"shrub",6974.10910991244
"built",488.989441055295
"bare",519.267696770352
"cattle",10038.2849196045
"tsetse",6363.2982844759
