"covariates","waic_increase"
"tree",9040.12660984515
"grassland",12923.0592559863
"cropland",1143.51506760866
"water",124.447134216789
"cattle",5657.31278810545
"tsetse",1078.4894936174
"built",16.5502967227658
