"covariates","waic_increase"
"tree",15706.7919534769
"grassland",9673.22379505867
"cropland",2224.84517181409
"bare",534.612217193586
"water",113.422508517397
"cattle",8198.41093338311
