"covariates","waic_increase"
"pop_den",81.8709139163693
"tree",34.2141165849462
"grassland",66.818479084468
"shrub",49.627419365439
"cropland",12.4506623762281
"bare",59.3081829885341
"water",46.8690848142141
"cattle",105.401059074604
"tsetse",5584.29189516915
