"covariates","waic_increase"
"human_fp",1549.18099487869
"bare",648.40637850947
"water",550.167751364861
"cattle",19726.1071582879
"tsetse",1904.3013421519
"shrub",5427.11517018535
