"covariates","waic_increase"
"elevation",4394.10824690877
"tree",1268.94958722006
"grassland",5827.51350050255
"shrub",1524.09469183063
"bare",398.782373845286
"cattle",3882.1063918326
