"covariates","waic_increase"
"tree",11158.3060053407
"grassland",12327.6919896309
"cattle",11255.8396902418
