"covariates","waic_increase"
"elevation",6537.43215575934
"grassland",2961.58622451803
"shrub",17750.7605737445
"cropland",2501.87639082626
"cattle",4124.51058071978
