"covariates","waic_increase"
"tree",40.535634251275
"grassland",3207.1052876727
"shrub",58.9893089201796
"built",39.2273562952978
"water",5214.47888518711
"cattle",13743.7713760342
"cropland",22.63626435279
