"covariates","waic_increase"
"elevation",25.21753133936
"pop_den",207.744081036792
"tree",16747.6793403505
"grassland",12784.2252815943
"cattle",372.587066890999
