"covariates","waic_increase"
"elevation",3124.6175474423
"tree",89.1429599204275
"grassland",1083.57698662719
"shrub",651.273908188632
"cropland",123.029318471716
"built",79.5831391886459
"cattle",5831.79123627319
