"covariates","waic_increase"
"tree",6405.2569905845
"grassland",19001.1160276399
"bare",3331.67794963904
"cattle",17689.3401084251
"pop_den",714.719931268948
