"covariates","waic_increase"
"tree",6328.93579509763
"grassland",9438.85856080861
"cropland",872.800653470738
"built",116.793513443525
"cattle",27967.0403215099
