"covariates","waic_increase"
"precipitation",3401.72120910713
"pop_den",3778.95262301722
"tree",4835.28740999867
"grassland",9035.65967419322
"built",1656.70344982413
"bare",1363.9494192703
"water",15.5875556054307
"cattle",8202.53669337951
