"covariates","waic_increase"
"elevation",7186.63192939477
"pop_den",1174.35046377329
"shrub",15748.3537260502
"cropland",6709.42214294186
"water",5205.32962009279
"cattle",21727.4834097633
