"covariates","waic_increase"
"elevation",2251.2421127921
"tree",710.381549772297
"grassland",7098.8563991116
"shrub",2570.05174622918
"bare",1159.31504686113
"cattle",4456.15960000436
