"covariates","waic_increase"
"pop_den",378.578482096826
"tree",5916.10635672287
"cropland",3184.61243955564
"bare",438.507281956438
"cattle",18310.313606747
