"covariates","waic_increase"
"tree",3532.20281981421
"grassland",4510.03220685737
"shrub",1575.6536586484
"bare",599.217479886822
"water",502.243689768293
"cattle",20716.2731674539
"tsetse",5404.09837962946
