"covariates","waic_increase"
"tree",15848.1388768837
"grassland",10259.3712770246
"cropland",850.982844804566
"cattle",20761.549957455
"tsetse",1269.78829491267
