"covariates","waic_increase"
"pop_den",1511.74209376364
"grassland",8670.22977391665
"shrub",10081.2466328305
"cropland",2914.49638956488
"bare",434.037976585212
"cattle",12134.9401306837
