"covariates","waic_increase"
"tree",19847.5921609737
"grassland",11163.9866585728
"built",67.3041172035009
"bare",48.2349625555507
"water",402.388198469424
"cattle",8437.49707053827
"tsetse",8912.5387499225
