"covariates","waic_increase"
"precipitation",866.829267428664
"tree",4670.68072666763
"grassland",2370.48579843633
"bare",620.288815837266
"cattle",8445.44343274101
