"covariates","waic_increase"
"shrub",22027.9062159759
"cropland",15507.8437048538
"bare",590.709020773487
"cattle",15159.3015467349
"tsetse",5498.24975215416
"pop_den",10.6399298670294
