"covariates","waic_increase"
"elevation",1138.65223367362
"tree",0.425767835557053
"grassland",0.427429836105148
"shrub",0.392525437033328
"cropland",0.384650600499299
"built",0.364710641733836
"water",0.418964413620415
"wetland",0.366848367091734
"cattle",7956.93022861642
"tsetse",647.356363795458
"bare",0.268336109496886
