"covariates","waic_increase"
"pop_den",1696.27252222606
"tree",12144.1643938058
"grassland",6015.85104599223
"bare",1430.06512034941
"cattle",8056.94215779636
"tsetse",2337.0642049034
