"covariates","waic_increase"
"tree",7898.65884753262
"grassland",5216.85172518203
"shrub",3410.57204871011
"cattle",11873.9006041288
