"covariates","waic_increase"
"elevation",2839.39640652453
"tree",10538.5800756368
"grassland",8252.12352618587
"cropland",73.56975478409
"built",5319.8941587919
"water",4239.24985590717
"cattle",5864.25186429491
