"covariates","waic_increase"
"pop_den",450.465821261867
"tree",4827.99266444986
"grassland",5859.73271984592
"cattle",14995.4064009308
"tsetse",925.311066018192
"bare",164.799573832861
