"covariates","waic_increase"
"grassland",2833.06895275203
"shrub",6945.21953003043
"built",931.79954095422
"bare",3681.01271377914
"water",4660.71120971018
"cattle",12634.8209681843
"tsetse",1677.15466658114
