"covariates","waic_increase"
"elevation",6234.72879117455
"tree",8828.32946773753
"grassland",6185.3018624784
"shrub",637.125854979153
