"covariates","waic_increase"
"grassland",5728.2533230455
"bare",5366.1203429377
"water",4796.68996278465
"cattle",7262.56416123094
"tsetse",9632.59958106389
"shrub",10454.8636978471
