"covariates","waic_increase"
"pop_den",5994.27305633786
"tree",10208.2465601232
"grassland",3270.1610767352
"bare",4577.01770070637
"cattle",22265.984501943
"tsetse",4497.83093242753
