"covariates","waic_increase"
"human_fp",3903.21330017938
"pop_den",189.876863711805
"tree",12907.5941531563
"grassland",10958.6670243111
"bare",315.993901213253
"water",586.300840548429
"cattle",18143.4703803295
