"covariates","waic_increase"
"shrub",9249.61825747612
"wetland",171.219040027427
"cattle",2266.43403497804
"tsetse",5216.47538626859
"pop_den",27.0253734906364
