"covariates","waic_increase"
"tree",1867.84414875666
"grassland",2991.16162710628
"shrub",1095.86014675425
"bare",121.688046606105
"water",205.652625649389
"cattle",7944.0924631319
"tsetse",1613.11130525013
