"covariates","waic_increase"
"elevation",4022.44078363703
"tree",6153.51838017331
"grassland",12374.1980065449
"cropland",2720.93689784907
"bare",673.761051808477
"cattle",11973.1894087067
