"covariates","waic_increase"
"human_fp",3395.96628252079
"pop_den",192.533368020915
"grassland",5273.30819056882
"shrub",13395.7558876354
"bare",384.773402489984
"cattle",15893.4700294933
