"covariates","waic_increase"
"shrub",13326.6152903569
"cropland",3892.90735197519
"bare",2021.08740429814
"water",28.7956823123677
"cattle",24282.9734748319
"tsetse",4273.91203011447
