"covariates","waic_increase"
"pop_den",1785.49556973588
"shrub",16935.8051287578
"cropland",10164.1920528177
"bare",371.896425155923
"cattle",14304.6336273999
"tsetse",1335.06998081134
