"covariates","waic_increase"
"human_fp",15630.2552775759
"pop_den",130.657498851768
"grassland",16509.8871924108
"cattle",12405.9888758288
"elevation",5829.23050792182
