"covariates","waic_increase"
"tree",1165.69639961502
"grassland",6061.76876258404
"shrub",2173.6654592046
"bare",76.2894519576366
"cattle",21874.9889766944
