"covariates","waic_increase"
"elevation",4560.16657757697
"tree",12300.3723238145
"grassland",9987.46365849525
"cropland",4510.868081578
"built",11.8114148299865
"cattle",13476.0936032405
"tsetse",137.424736175657
