"covariates","waic_increase"
"elevation",3575.67155686182
"pop_den",351.824553845814
"tree",7909.08097538102
"grassland",7177.79442803675
"cattle",1062.71709324064
