"covariates","waic_increase"
"elevation",5456.35204641088
"tree",6147.43632226827
"shrub",11116.8233577757
"cropland",2811.25565121875
"bare",3770.99342615444
"water",100.559332226643
"cattle",11995.1244659858
