"covariates","waic_increase"
"grassland",6122.04677151524
"shrub",10245.5278189204
"cropland",9239.32035605566
"water",1664.89515091311
"cattle",3318.70886714504
"tsetse",4541.4295929141
