"covariates","waic_increase"
"elevation",7672.81580157784
"grassland",3777.81063023289
"shrub",15600.8562341519
"built",3969.81954509397
"bare",6809.43702756675
"water",5082.85092278905
"cattle",10403.781074921
