"covariates","waic_increase"
"pop_den",1017.61462928898
"grassland",5541.47859432401
"shrub",6608.57858686397
"water",217.774866969463
"cattle",6253.74179229321
"elevation",1720.58735844992
