"covariates","waic_increase"
"pop_den",1090.39845425454
"tree",629.734388444907
"shrub",5841.61869830261
"cropland",5514.07010008529
"cattle",10272.3787967123
