"covariates","waic_increase"
"pop_den",267.69590180424
"tree",584.094384510274
"grassland",217.873517430373
"shrub",51.7082428109352
"cropland",452.867086364284
"water",6.88396089198068
"wetland",195.770817400342
"cattle",4311.89402230266
