"covariates","waic_increase"
"elevation",3945.50796125069
"precipitation",790.812660148149
"grassland",2172.38842960582
"shrub",10091.7090683803
"cropland",3775.4505898076
"tsetse",882.027495952432
