"covariates","waic_increase"
"tree",1512.74193617293
"grassland",4526.29514887481
"shrub",371.315252341323
"cropland",360.91578027307
"cattle",7281.02220420427
"tsetse",5706.84278185746
