"covariates","waic_increase"
"grassland",6149.15307397428
"shrub",8470.96413199222
"cropland",2546.63974130816
"built",11.8066838228842
"bare",1584.44174883686
"cattle",9003.73312413324
