"covariates","waic_increase"
"elevation",2488.83944246166
"human_fp",8020.32557464936
"pop_den",3742.96833759689
"tree",0.417250323422195
"grassland",0.210203872011334
"shrub",0.105950191740703
"cropland",0.302074904459005
"built",0.0638013538264204
"water",0.204341026350448
"wetland",0.305502911338408
"cattle",2604.48415908904
"tsetse",3995.32290605779
"bare",0.0581522019856493
