"covariates","waic_increase"
"tree",204.171145609842
"grassland",171.555609793999
"shrub",60.1828598620923
"cropland",71.3647910755244
"built",1730.46743395628
"bare",3725.9584023058
"water",1169.06570301243
"cattle",6338.60513049531
"tsetse",6337.80449911395
