"covariates","waic_increase"
"human_fp",3836.26277170185
"pop_den",629.954678258611
"tree",814.376749092902
"shrub",3521.4498205078
"cropland",8797.68122008281
"built",65.6242097494178
"cattle",1415.37755067476
