"covariates","waic_increase"
"shrub",13173.420540835
"bare",2493.58013269056
"cattle",13143.3604855147
"tsetse",4781.06904762328
"pop_den",1048.94618082242
"cropland",786.666078362927
