"covariates","waic_increase"
"tree",13552.591382425
"cattle",4204.25651187131
"bare",716.744445129742
"built",643.294300241185
