"covariates","waic_increase"
"precipitation",4057.08469552433
"tree",9693.47169761756
"grassland",9561.4372403764
"cattle",12207.7182890248
"cropland",3612.70064821623
"built",2028.12616549889
