"covariates","waic_increase"
"pop_den",1392.89962628717
"tree",8462.36951099743
"grassland",8964.99609723253
"shrub",4217.91569082472
"bare",1189.0920247208
