"covariates","waic_increase"
"tree",9374.40136689469
"grassland",11540.476943115
"cropland",3657.99435071742
"bare",362.82398451383
"cattle",13343.9417896605
