"covariates","waic_increase"
"tree",4501.75480001495
"grassland",2695.22851548087
"shrub",126.026644511774
"cattle",14537.4201216526
