"covariates","waic_increase"
"pop_den",152.032693264322
"tree",3077.26524109398
"shrub",11193.4343702697
"cropland",6798.0849343024
"bare",203.622507612134
"cattle",2451.20002893133
"tsetse",449.692961029476
