"covariates","waic_increase"
"precipitation",9168.18614561943
"pop_den",4629.89545809112
"tree",10666.4417729067
"bare",4107.07612978399
"cattle",12886.0678640011
"tsetse",6670.03521400345
