"covariates","waic_increase"
"elevation",4452.75298150291
"precipitation",6423.87880115151
"human_fp",4569.7136070354
"pop_den",1092.09374520614
"tree",0.514006008044817
"grassland",0.52886961036711
"cropland",0.773969415437023
"built",0.521951257476758
"bare",0.681049916369375
"water",0.545939833580633
"wetland",0.506115801741544
"cattle",9527.83540465146
"shrub",0.456264241533063
