"covariates","waic_increase"
"human_fp",17479.0550487428
"grassland",2726.77154034135
"shrub",15316.4880634268
"built",507.099920803135
"bare",691.207355813254
"water",3988.36195191163
"cattle",11788.5512883555
"tsetse",4493.14085907941
"pop_den",71.9761445719487
