"covariates","waic_increase"
"grassland",5307.52803785252
"shrub",5091.10393841244
"water",203.846495750317
"cattle",1498.7307789365
"tsetse",2350.3564453608
