"covariates","waic_increase"
"pop_den",234.378949341313
"tree",2355.05212437319
"shrub",3084.30887603603
"cropland",3750.59168477792
"cattle",15326.9435115206
"tsetse",2880.90635613554
