"covariates","waic_increase"
"shrub",19358.145922255
"cropland",11023.4459663286
"water",1067.55894815721
"cattle",13703.3751394218
"pop_den",251.724761648416
