"covariates","waic_increase"
"tree",2430.3674049806
"shrub",5587.30303817585
"cropland",619.231419277683
"built",711.300409986557
"cattle",24028.769327999
"tsetse",19.9545450042133
