"covariates","waic_increase"
"shrub",16476.1702255646
"bare",8341.73914582243
"water",293.476918518274
"wetland",197.810424032781
"cattle",14019.0406597939
"tsetse",6433.31961770511
"cropland",565.698157664432
