"covariates","waic_increase"
"pop_den",544.44457009383
"shrub",10081.2145789932
"cropland",543.002074305245
"bare",501.720477075331
"cattle",18346.0884079949
"tsetse",4135.44682640798
"water",8.08833180445072
