"covariates","waic_increase"
"tree",20298.027725862
"grassland",11235.5040626208
"built",764.637307303841
"cattle",2080.92423668498
