"covariates","waic_increase"
"elevation",7794.24204535352
"grassland",227.204805107693
"shrub",11401.138152889
"cropland",1493.4683979214
"cattle",4754.10769378348
"water",3.09243274143228
