"covariates","waic_increase"
"tree",4304.27131579188
"grassland",8918.36342092798
"water",23.8082204098973
"cattle",7188.62807681505
