"covariates","waic_increase"
"pop_den",1837.51682736196
"tree",2861.47988215269
"grassland",4349.3912653487
"built",1907.91980967207
"cattle",5351.777336714
