"covariates","waic_increase"
"tree",1997.13953739995
"shrub",9040.80537274064
"cropland",9566.35934081384
"built",4419.34902050374
"wetland",4220.37833702897
"cattle",16296.3821363794
