"covariates","waic_increase"
"elevation",1378.19176107059
"precipitation",25512.5081128064
"human_fp",2854.61132465381
"grassland",0.430606435016671
"shrub",0.437415485364909
"cropland",0.773579855856951
"built",0.380360211318475
"bare",0.465791328642808
"water",0.456481031396834
"wetland",0.333747175754979
"cattle",5479.99747098839
"tsetse",3108.21782029683
"tree",0.312983316369355
