"covariates","waic_increase"
"pop_den",1427.09053149389
"grassland",4826.7475627711
"shrub",18843.3991174922
"cropland",5309.76166467433
"built",1565.40848829719
"cattle",6382.37874417052
