"covariates","waic_increase"
"tree",4762.99575874541
"grassland",6204.3721748552
"cropland",1940.93657027576
"bare",1183.13062717194
"water",218.804902291842
"cattle",8977.64776448144
"pop_den",1230.24418937741
