"covariates","waic_increase"
"pop_den",1890.8946554073
"tree",13742.8789088799
"grassland",13875.4914350179
"cattle",4160.84767369715
