"covariates","waic_increase"
"grassland",1810.85133607205
"shrub",8008.89936294006
"cropland",1434.59310243606
"bare",5628.05844894075
"cattle",14395.3885732239
"tsetse",124.441120557909
