"covariates","waic_increase"
"grassland",4822.55199214556
"shrub",8900.88668340544
"cropland",2892.83712094152
"built",223.114379135586
"bare",463.36114092241
"water",1462.81588665798
"cattle",12448.6819251538
