"covariates","waic_increase"
"precipitation",7957.0197938574
"tree",0.649276810931042
"grassland",0.529302593451575
"shrub",0.467400267647463
"cropland",0.425429088973033
"built",0.723251625226112
"water",0.512239825729921
"wetland",0.689800391650351
"cattle",15140.8322496705
"bare",0.25586526542611
