"covariates","waic_increase"
"tree",16261.951528275
"grassland",9319.51182868739
"cropland",375.507631021974
"built",1940.79873116549
"bare",447.521333092205
"wetland",799.391383790862
"cattle",7164.56829327569
