"covariates","waic_increase"
"tree",7670.0373322758
"grassland",16420.4310668954
"cattle",13535.4591776423
"tsetse",6253.77544746955
"pop_den",327.960895572032
