"covariates","waic_increase"
"grassland",3775.84937682784
"shrub",12720.7768669061
"cropland",2723.11472050889
"bare",619.08497531648
"cattle",13240.0215266849
