"covariates","waic_increase"
"grassland",3556.93807404095
"shrub",6272.97972920886
"cropland",4307.48581288537
"built",233.972744318526
"cattle",6627.94155637532
"elevation",1613.61878956194
