"covariates","waic_increase"
"precipitation",6430.3120889741
"tree",972.826985563901
"shrub",8287.10625074845
"cropland",8832.57711154398
"water",23.4606931592061
"cattle",8008.47494619468
