"covariates","waic_increase"
"tree",1637.5772918279
"shrub",6679.87238274494
"cropland",7237.87911521658
"built",110.340465232061
"cattle",5648.1397909253
"tsetse",7280.45346429298
