"covariates","waic_increase"
"tree",6213.5793372638
"cropland",5355.66231657787
"built",57.9742710540886
"cattle",15652.7329143825
