"covariates","waic_increase"
"pop_den",1799.81717266448
"grassland",11368.292413962
"shrub",16754.0139913454
"water",5698.58496049159
"wetland",793.63388195337
"cattle",17426.7766517961
