"covariates","waic_increase"
"shrub",17477.2528415264
"cropland",10656.1016282354
"bare",7291.135102862
"cattle",19695.8504008537
"pop_den",2097.97096901931
