"covariates","waic_increase"
"elevation",7235.43948696171
"shrub",6981.32307446091
"cropland",1074.30317052935
"water",7958.77176805648
"cattle",16450.9824196099
"tree",3189.34539934421
