"covariates","waic_increase"
"pop_den",2321.50580323959
"shrub",23150.6043257165
"cropland",7495.01686004167
"cattle",13423.7965116902
"tsetse",9886.22272047124
