"covariates","waic_increase"
"precipitation",1048.091703661
"pop_den",2558.34553110717
"tree",1626.63137123699
"shrub",6055.22455940823
"cropland",6988.51246626403
"cattle",3181.23591995762
