"covariates","waic_increase"
"tree",6109.48680958952
"shrub",11024.1605787566
"cropland",10487.6030685505
"bare",1701.87637592991
"water",782.434290127094
"cattle",27047.4126411495
