"covariates","waic_increase"
"elevation",787.764002437674
"human_fp",1948.21853474753
"pop_den",1482.41870902303
"tree",66.3193381841265
"grassland",99.9038584937225
"shrub",35.6147571480396
"cropland",30.357314210778
"cattle",5664.98618347775
"tsetse",2445.39351676796
"bare",103.861903432451
