"covariates","waic_increase"
"tree",3285.39351950852
"grassland",3626.74208766403
"shrub",3237.97899077503
"cropland",3209.78025837277
"bare",3263.13790420824
"water",3289.21483192338
"cattle",8878.50034184416
