"covariates","waic_increase"
"pop_den",835.402157574994
"tree",7457.06255075429
"grassland",8602.58261480802
"shrub",952.506732331938
"bare",848.460880155697
"wetland",141.216690111309
"cattle",17269.4983985241
