"covariates","waic_increase"
"tree",1367.43673065526
"grassland",26.3341953211639
"shrub",1365.03462114989
"bare",4663.57303195576
"water",43.0491335086917
"cattle",14752.8949179998
"tsetse",4440.31964934793
"cropland",113.853161502186
