"covariates","waic_increase"
"elevation",3221.92192744484
"tree",0.970399612211622
"grassland",1.09852958758711
"shrub",0.917761927616084
"cropland",1.18445345954387
"built",1.04738321823243
"water",0.926710201660171
"wetland",0.824386426014826
"cattle",12128.1699624521
"bare",0.734577800358238
