"covariates","waic_increase"
"human_fp",1731.07244628348
"grassland",9566.79120681169
"shrub",8623.41790564828
"cattle",8892.55018706953
"pop_den",970.354316375116
