"covariates","waic_increase"
"tree",3097.00204188049
"shrub",7704.96519219664
"cropland",11135.2526100494
"water",289.364235857247
"cattle",6390.35357954493
"bare",300.159124541955
