"covariates","waic_increase"
"pop_den",320.774829475515
"grassland",750.898302945701
"shrub",9739.44196453299
"cropland",9695.11620755105
"water",1176.58996588884
"cattle",19315.9989542733
