"covariates","waic_increase"
"human_fp",863.991567321151
"tree",536.471913304966
"grassland",609.164511419163
"cropland",2075.60015420465
"built",955.558002028614
"cattle",4168.66552988542
"shrub",15.5254557666485
