"covariates","waic_increase"
"pop_den",2494.483230105
"grassland",2450.48494339095
"shrub",17078.2360679891
"cropland",6810.85184837819
"built",105.934700759317
"water",499.378496558013
"cattle",10583.7422730174
"tsetse",1892.16877879552
