"covariates","waic_increase"
"tree",10777.6314353079
"grassland",14554.9678326974
"cropland",3241.602286747
"cattle",11808.1132011315
"pop_den",1210.98145890278
"bare",423.351693871853
