"covariates","waic_increase"
"pop_den",7748.39547989758
"tree",4568.89115328138
"grassland",5759.38633043185
"shrub",3153.62421604407
"cropland",4908.90994753111
"tsetse",3837.19672861438
