"covariates","waic_increase"
"elevation",11659.9460235222
"grassland",9588.45112927721
"shrub",17799.6465857869
"water",700.327856719276
