"covariates","waic_increase"
"pop_den",1988.28114535299
"tree",8075.75261408123
"shrub",10412.6339202555
"cropland",4575.98578899115
"bare",2100.36892622984
"cattle",12797.5892212565
