"covariates","waic_increase"
"tree",9747.09754489292
"grassland",11105.0601225672
"cropland",3365.99256759059
"bare",71.8252826266325
"cattle",11344.0894910119
