"covariates","waic_increase"
"pop_den",150.012966700982
"tree",3748.4323898221
"grassland",5870.53346596183
"shrub",2214.06709657833
"cattle",913.016354542204
