"covariates","waic_increase"
"elevation",1934.50792057885
"tree",8125.81547414409
"grassland",11537.1732923001
"shrub",5152.96564400106
"bare",696.340809680754
