"covariates","waic_increase"
"pop_den",1533.26481476019
"tree",660.193987060367
"grassland",872.401399151218
"shrub",11.9177859039482
"cropland",2638.42373701835
"built",154.460607859844
"bare",363.050159624399
"cattle",13807.2397037081
"tsetse",2431.42678473803
