"covariates","waic_increase"
"tree",14710.3886198848
"grassland",2065.25886884543
"cropland",6115.57931251526
"built",1338.62937703758
"bare",752.762908635232
"cattle",14375.9766869504
