"covariates","waic_increase"
"tree",15.1721216987571
"grassland",4800.86026389008
"shrub",5032.6419765012
"cropland",4268.66188849766
"water",4880.70539570598
"cattle",27661.3797336847
