"covariates","waic_increase"
"grassland",1501.35168489983
"shrub",5112.63593988121
"bare",4185.22984412897
"water",105.644290480472
"cattle",20961.5882689708
"tsetse",2546.10581105831
