"covariates","waic_increase"
"grassland",3812.43434230874
"shrub",4811.58703796099
"cropland",2640.46415961393
"bare",1185.1520453106
"water",316.298838910356
"wetland",1006.3022905314
"cattle",7651.7715316714
