"covariates","waic_increase"
"tree",10800.5992255601
"grassland",6781.78275605041
"cropland",5854.55044209704
"built",247.243859673923
"bare",137.867230957345
"water",1309.89522877938
"cattle",7352.78464286673
