"covariates","waic_increase"
"grassland",2165.13361522389
"shrub",14639.8915936817
"bare",1583.96230522176
"cattle",21816.1452465477
"elevation",7098.82815676362
