"covariates","waic_increase"
"elevation",6259.03892439271
"shrub",9003.39018859137
"built",8639.51081020982
"bare",9271.24078315336
"water",179.460268632349
"wetland",3701.12008180052
