"covariates","waic_increase"
"shrub",14875.3667077934
"cropland",3551.31564083321
"cattle",26525.2697992535
