"covariates","waic_increase"
"tree",3019.94454981975
"grassland",5885.55945199505
"shrub",2813.07985047339
"built",3477.89159000268
"bare",3804.59971491612
"water",3805.6903940972
"cattle",14450.5841305825
