"covariates","waic_increase"
"human_fp",17726.5762389737
"tree",13585.6359829733
"cropland",3465.39057977599
"water",8.51209510596527
"cattle",4372.33822649608
