"covariates","waic_increase"
"shrub",12473.1850203814
"cropland",9962.72597293873
"built",5.10016608149454
"cattle",14873.4693049163
"tsetse",2676.18921361666
