"covariates","waic_increase"
"tree",7282.39524925092
"shrub",5907.33432339069
"cropland",6723.91836947543
"water",3628.77184502634
"cattle",20663.1366295511
