"covariates","waic_increase"
"grassland",4303.81704672602
"shrub",6966.35169978597
"cropland",977.737334220888
"bare",338.580174928924
"cattle",3161.08366140526
"tsetse",680.196727065995
