"covariates","waic_increase"
"tree",8497.84796487565
"grassland",567.085822885289
"cropland",3687.13923218752
"built",173.239065373004
"bare",4313.91456889936
"cattle",16282.8131726365
"tsetse",4929.41531681939
