"covariates","waic_increase"
"tree",12232.276901841
"grassland",13943.931962493
"cropland",1627.20188051306
"water",1420.6815968595
"cattle",16084.635207663
