"covariates","waic_increase"
"elevation",5951.99030466568
"tree",5802.02750252311
"shrub",11327.3879381486
"cropland",2999.11256456837
"cattle",5312.93760408439
