"covariates","waic_increase"
"pop_den",2319.29881018041
"tree",5075.65451503533
"grassland",4072.11117980539
"shrub",991.671217707539
"bare",507.88367432126
"water",24.3611142461668
"cattle",18806.80854151
