"covariates","waic_increase"
"pop_den",844.757369546562
"tree",5447.78390869049
"grassland",3137.37799375271
"shrub",1905.99529015674
"built",1166.76402307587
"bare",152.214963986684
"cattle",14156.5595185478
