"covariates","waic_increase"
"pop_den",1004.59199638279
"tree",15247.4847522592
"grassland",5183.19556644405
"cropland",462.694387876225
"built",971.513137393151
"water",735.579135471169
"cattle",11077.0815327216
