"covariates","waic_increase"
"elevation",549.864597473497
"pop_den",225.434477559982
"grassland",0.285353264764126
"shrub",0.233397346171841
"cropland",0.270526991109364
"built",0.218740433323546
"bare",4.08441306483292
"water",0.214100066259562
"wetland",4.06626942771254
"cattle",11749.8591990833
"tsetse",9184.1857575311
"tree",0.168166530005692
