"covariates","waic_increase"
"grassland",2196.44568670609
"shrub",15683.1099643684
"cropland",92.383313927603
"built",288.220564954529
"bare",427.20478357801
"cattle",8296.59797003898
