"covariates","waic_increase"
"pop_den",485.132980741546
"grassland",5029.18118115472
"shrub",10625.6566665334
"bare",653.473241401094
"cattle",13589.6648942191
