"covariates","waic_increase"
"pop_den",741.013549009505
"tree",852.467332313528
"grassland",674.49160022923
"shrub",281.820866718954
"built",256.631147236614
"cattle",7119.23888431601
"tsetse",1073.26345087834
