"covariates","waic_increase"
"grassland",7629.00544037249
"shrub",15384.148274232
"cattle",20523.0686933918
"human_fp",2236.92102380097
"built",1661.66470756468
