"covariates","waic_increase"
"tree",3515.98175522821
"grassland",8301.9439854067
"built",4643.33166450682
"cattle",22032.6085146019
