"covariates","waic_increase"
"pop_den",292.051287407303
"tree",1475.15615561933
"shrub",4997.00417059105
"cropland",3813.82870484728
"bare",56.5538889189338
"water",140.542144400009
"cattle",10186.6275190696
