"covariates","waic_increase"
"pop_den",83.5337269478041
"shrub",8096.08824208478
"cropland",5208.36321196381
"cattle",15295.6877935629
