"covariates","waic_increase"
"elevation",8960.50659396685
"grassland",9895.35803366917
"shrub",10750.1419704424
"cropland",8836.99779233548
"cattle",5834.05549316475
