"covariates","waic_increase"
"elevation",6633.27648307409
"tree",9133.82212539929
"grassland",10662.6310100557
"cropland",4382.8118347872
"water",54.561176083007
"cattle",17281.8652214045
