"covariates","waic_increase"
"grassland",5739.85090185238
"shrub",10207.5239257667
"cropland",1505.89854672171
"bare",2924.88665100958
"water",183.110473877801
"cattle",14687.7766608052
