"covariates","waic_increase"
"elevation",7474.97651355025
"tree",2631.81421705543
"shrub",14793.416244673
"cropland",6970.58982391435
"water",233.317930798723
"cattle",94.085605038119
