"covariates","waic_increase"
"shrub",11415.5419697317
"cattle",17668.0573044276
"tsetse",6764.51170098069
