"covariates","waic_increase"
"pop_den",2516.65435394007
"tree",1870.82739644031
"shrub",313.93318999531
"cropland",2122.08411119222
"bare",2880.73792023171
"water",3620.6580485796
"cattle",12792.890865963
