"covariates","waic_increase"
"pop_den",1111.31066170567
"shrub",8289.99561054182
"cropland",5716.12834040604
"bare",1182.23325082364
"cattle",21069.2887635134
"tsetse",2969.13680185263
