"covariates","waic_increase"
"elevation",5560.9059938061
"tree",12351.5408522469
"grassland",10358.3544386701
"cropland",5495.33557111151
"water",282.336224681218
"cattle",4774.5699858154
