"covariates","waic_increase"
"elevation",285.16299801266
"tree",7290.8534099258
"grassland",11223.2652970248
"cattle",6273.58934549965
"cropland",1891.05394301556
