"covariates","waic_increase"
"elevation",8276.68539557287
"tree",3631.09788781731
"grassland",11319.6727323289
"cattle",9224.68336860414
