"covariates","waic_increase"
"pop_den",248.270803872416
"tree",13407.2562255699
"grassland",3240.27141310798
"water",1063.00166868691
"cattle",19725.1983878675
"bare",132.647734093494
