"covariates","waic_increase"
"human_fp",26221.737675501
"grassland",2866.18581881178
"shrub",14638.0904567901
"built",28.1227987453021
"water",1882.46280858156
"cattle",17050.6885801054
