"covariates","waic_increase"
"grassland",3193.19036791704
"shrub",269.7738988083
"water",67.9482499623773
"cattle",11899.2649919271
"pop_den",768.863057095361
"tree",4190.41622380912
