"covariates","waic_increase"
"tree",8092.78468718711
"shrub",11059.9879049527
"cropland",6329.39976271692
"bare",5535.21063074229
"water",4968.97373731146
"cattle",11268.0397294922
