"covariates","waic_increase"
"shrub",29371.6657167336
"bare",3811.11795353383
"water",1562.01081274447
"cattle",15141.4988912199
"tsetse",15375.4544888076
