"covariates","waic_increase"
"elevation",1982.79246385767
"precipitation",4272.58357558673
"pop_den",137.354881198349
"tree",44.6769096062926
"grassland",6233.27469917819
"shrub",4622.06879501342
"cropland",172.470175740717
"water",4189.2496424024
"cattle",12962.8731438384
"tsetse",333.440153662516
