"covariates","waic_increase"
"tree",18103.6245210008
"grassland",7420.66038821547
"built",430.974229168482
"bare",565.992626569583
"cattle",5993.57813972056
"tsetse",6414.39872274777
