"covariates","waic_increase"
"tree",876.623042900857
"grassland",582.136281994826
"shrub",1004.03563900939
"cropland",1586.90617940505
"water",485.631011294055
"cattle",4344.73669511195
