"covariates","waic_increase"
"pop_den",3415.56188279075
"tree",2172.82115904657
"shrub",8685.40148817383
"cropland",10741.6221552987
"water",4125.15679350628
"cattle",4031.57955234559
