"covariates","waic_increase"
"pop_den",1972.34589504399
"tree",6960.30250314814
"shrub",8792.19527075584
"cropland",4437.96970527795
"bare",309.041905299979
"cattle",8480.77784697644
