"covariates","waic_increase"
"tree",5803.29099583481
"grassland",10328.9248220037
"shrub",2038.45412787746
"water",59.7753224068438
"cattle",8246.11683575284
