"covariates","waic_increase"
"human_fp",213.11064998393
"pop_den",2866.66620824901
"tree",568.95012907937
"grassland",532.772142384019
"shrub",577.556393997016
"cropland",729.019175682493
"built",11.3313693178789
"water",464.447356653996
"cattle",11244.355169789
