"covariates","waic_increase"
"grassland",4686.67594575088
"shrub",9278.66634803671
"bare",328.508929658077
"water",242.382951967527
"cattle",28288.273155793
