"covariates","waic_increase"
"tree",11766.4813544528
"grassland",11727.143228405
"cropland",3995.99630078315
"bare",23.1519038654806
"cattle",10124.4751789312
