"covariates","waic_increase"
"elevation",2720.42202455602
"tree",332.999288749241
"grassland",1418.62963303784
"shrub",105.667017370768
"cropland",650.352111711603
"built",363.602139282644
"cattle",13641.4662687378
