"covariates","waic_increase"
"shrub",14809.0628661649
"built",4591.1750409584
"cattle",17942.60696938
"tsetse",10153.530669728
