"covariates","waic_increase"
"elevation",13070.9614413426
"tree",686.911765805875
"grassland",2116.02239120336
"shrub",1543.35954040339
"built",307.296045233488
"water",14.8134001602739
