"covariates","waic_increase"
"tree",14.1786865057584
"grassland",1663.00887733581
"shrub",807.320884833243
"cropland",168.380773698591
"cattle",8863.37395128503
