"covariates","waic_increase"
"tree",4675.94356166785
"shrub",10444.0083573755
"cropland",2530.21806548961
"cattle",18616.5277013825
