"covariates","waic_increase"
"precipitation",2033.91878463243
"human_fp",484.785990698569
"pop_den",248.436846989767
"grassland",3547.19511905898
"shrub",1448.29511580266
"bare",93.1595368981652
"water",18.7083588437235
"cattle",8975.43241569994
