"covariates","waic_increase"
"human_fp",10891.4489204551
"grassland",9491.96831345406
"cropland",768.786076277705
"cattle",16928.044941825
"elevation",11516.4191754796
"water",288.623779979127
