"covariates","waic_increase"
"tree",5364.28101037416
"grassland",5967.74601592589
"shrub",2332.39723226575
"bare",1564.76255272786
"water",937.466461997319
"cattle",10809.6509535023
