"covariates","waic_increase"
"tree",10555.2252926291
"shrub",14717.8193861424
"cropland",7506.1920471773
"built",3339.57761822663
"water",2986.83492339775
"cattle",3216.21130700983
