"covariates","waic_increase"
"grassland",3525.91571442249
"shrub",13668.4012101782
"cropland",4245.845379357
"cattle",4282.62733427518
"tsetse",1314.20668085698
