"covariates","waic_increase"
"tree",376.999606790479
"grassland",943.058864037768
"shrub",146.882380592288
"cropland",520.926684668397
"built",403.832044439732
"cattle",4942.35733543277
"tsetse",1888.83127357319
