"covariates","waic_increase"
"grassland",1660.73368845751
"shrub",15354.816330861
"bare",5904.58067844983
"cattle",15710.5803597121
