"covariates","waic_increase"
"tree",2630.78850334807
"shrub",11008.1559560208
"cropland",8453.26115622236
"built",5431.65224411913
"cattle",18220.6849274241
"bare",270.046637589308
