"covariates","waic_increase"
"tree",21602.2321883732
"grassland",10151.7810339637
"tsetse",7242.37740793686
"wetland",52.3732797013654
