"covariates","waic_increase"
"pop_den",1807.46007454645
"tree",14367.1445099011
"grassland",5132.15326098772
"cropland",729.136828843919
"built",24.9409472102707
"bare",187.82016682384
"cattle",13711.4012595712
