"covariates","waic_increase"
"pop_den",2091.82742103451
"tree",10861.5559599785
"grassland",8218.2307882629
"bare",260.02474272767
"water",2623.3228250964
"cattle",22875.117117893
"human_fp",17242.3938148861
