"covariates","waic_increase"
"elevation",8424.96277343349
"pop_den",1120.03127462171
"tree",12374.0806450076
"grassland",12101.2315129498
"cropland",4831.22660617439
"built",2206.83161543608
"bare",4450.41327996308
"water",43.6686115125049
"tsetse",3219.49378326519
