"covariates","waic_increase"
"tree",13731.2087240207
"grassland",12376.4793088745
"water",30.6746336105643
"cattle",14476.879678025
"tsetse",1651.49083756164
