"covariates","waic_increase"
"pop_den",947.514820756682
"tree",5911.35549481497
"grassland",1978.52959110919
"bare",1090.37956975913
"cattle",7728.07971849886
"tsetse",1590.04899568151
