"covariates","waic_increase"
"tree",11856.7402061169
"grassland",4801.13002469167
"cattle",7334.5553471677
"pop_den",501.488205422989
"bare",160.726805520811
