"covariates","waic_increase"
"elevation",3712.57826487451
"pop_den",52.7090981969086
"tree",10612.0518730926
"grassland",15162.9156847544
"cattle",11866.0074202445
