"covariates","waic_increase"
"tree",4737.55798503862
"grassland",222.73150761264
"shrub",1902.80288832998
"tsetse",1012.40569366537
