"covariates","waic_increase"
"grassland",2260.6256232432
"shrub",13814.0318098715
"built",139.992484582501
"bare",189.643254854884
"water",5215.01146449415
"cattle",15982.5058063491
"tsetse",5232.87739175844
