"covariates","waic_increase"
"elevation",6868.73867387124
"pop_den",274.129720135978
"tree",1.14049258106388
"grassland",0.868908562886645
"shrub",0.757477385559469
"cropland",1.09276129877253
"built",0.895508636684099
"bare",1.11985856313549
"water",0.882791351512424
"cattle",5220.51234324547
"wetland",0.620067840187403
