"covariates","waic_increase"
"tree",15358.0093414776
"grassland",4078.08610059989
"cattle",480.997082235634
"tsetse",902.845793513698
"pop_den",614.538907325834
