"covariates","waic_increase"
"pop_den",2989.48307304412
"tree",2663.74876702478
"grassland",4817.60310829898
"shrub",5151.17213471515
"bare",601.080158345634
"cattle",6737.36085472269
