"covariates","waic_increase"
"elevation",3012.54212395186
"pop_den",1082.79419832666
"tree",3638.02259692367
"grassland",2348.2248927655
"bare",62.6457106931994
"cattle",4434.69485170749
