"covariates","waic_increase"
"pop_den",525.702671489162
"tree",561.578778546558
"shrub",10798.1146902342
"cropland",3189.82696379236
"built",36.4040674175194
"bare",501.893460439685
"water",718.753336475616
"cattle",5375.98803091516
"tsetse",437.053587472117
