"covariates","waic_increase"
"elevation",3997.18894535334
"grassland",6513.57485858156
"shrub",11084.0078900055
"cropland",1801.47225285675
"cattle",7796.30035376694
