"covariates","waic_increase"
"pop_den",23.0951290216035
"tree",13335.355237458
"grassland",2601.19209290967
"cattle",11635.4437508335
"tsetse",435.011628554545
"built",68.6802296283058
