"covariates","waic_increase"
"elevation",4770.45575098517
"tree",8187.84280406978
"grassland",7557.23150612239
"cropland",609.688630854704
"built",1309.39389038298
"cattle",4506.80842878776
"tsetse",98.9002451246488
