"covariates","waic_increase"
"grassland",2325.26787117968
"shrub",14812.0567472377
"cropland",4233.13549016256
"water",130.505652257889
"cattle",13541.5072757867
