"covariates","waic_increase"
"shrub",16133.4596831345
"cropland",7112.0454876894
"bare",4675.02625826665
"water",4289.43965790423
"cattle",15179.4984052111
"tsetse",5727.68878472351
