"covariates","waic_increase"
"tree",11365.6515109247
"grassland",6482.96832075997
"cropland",5046.53741728433
"tsetse",6120.49563871195
