"covariates","waic_increase"
"elevation",2224.40489078641
"grassland",7422.58772916412
"shrub",9565.7484793022
"cropland",754.517009527037
"water",73.9266340243485
"cattle",2676.64350425886
