"covariates","waic_increase"
"pop_den",1646.96038523519
"tree",11916.9673574479
"grassland",10953.1390492463
"cropland",1875.2415825979
"bare",2392.04574982618
"cattle",8274.98234693892
