"covariates","waic_increase"
"elevation",523.862532413652
"pop_den",1716.7988227738
"tree",0.505333900655387
"grassland",0.465908532656613
"shrub",0.363095914930454
"cropland",1.22242959871073
"built",0.422076138158445
"water",0.355817123258021
"wetland",0.318667864950839
"cattle",6133.68114347012
"tsetse",3397.68697049328
"bare",0.309101467180881
