"covariates","waic_increase"
"shrub",7667.18516115878
"cropland",831.00202157427
"cattle",6002.67745983665
"tsetse",2087.22298716987
"bare",1070.60943201245
