"covariates","waic_increase"
"elevation",5892.25233266473
"grassland",490.954491561613
"shrub",7681.37821015805
"cropland",1112.60531680156
"bare",2455.52423968692
