"covariates","waic_increase"
"grassland",3253.08901629912
"shrub",8074.79219588563
"cropland",500.152022861956
"bare",5536.19038882259
"water",39.2924347520966
"cattle",13268.1182427025
"elevation",2093.86972549633
