"covariates","waic_increase"
"tree",2754.47311608212
"shrub",7768.49134333756
"bare",3839.36501216664
"cattle",16674.359949614
"tsetse",6974.22087804551
