"covariates","waic_increase"
"shrub",28435.8056152762
"built",5965.64587598329
"cattle",36402.6276333724
