"covariates","waic_increase"
"pop_den",1005.46691108611
"grassland",5364.60414528273
"shrub",7451.86247799433
"cattle",13943.5701216278
"tsetse",1201.52829233913
