"covariates","waic_increase"
"pop_den",904.743968190756
"tree",6059.46277552337
"grassland",4537.06694537416
"cattle",24973.4777097821
