"covariates","waic_increase"
"precipitation",5936.33773148726
"human_fp",3883.83361433544
"tree",2170.23456965738
"grassland",5602.05286977479
"built",579.408667303403
"bare",678.826087742113
"cattle",13755.6435240863
