"covariates","waic_increase"
"tree",493.541871260153
"grassland",7244.84493437108
"shrub",784.766210712391
"cropland",5587.50114170148
"cattle",27169.4049746939
