"covariates","waic_increase"
"elevation",5299.88708008647
"grassland",8945.12560488404
"bare",322.492876715369
"cattle",5092.67561497093
"shrub",9215.79493686136
