"covariates","waic_increase"
"precipitation",5128.41815993702
"grassland",4395.10986152157
"shrub",5364.98036193345
"bare",395.713562834615
"cattle",5743.77195194617
"pop_den",135.677849461499
