"covariates","waic_increase"
"tree",6051.26665153568
"shrub",15758.1844216434
"cropland",6898.69039309723
"bare",1735.49160232025
"cattle",3934.1217943662
