"covariates","waic_increase"
"human_fp",6410.71387010912
"pop_den",3759.47488730008
"tree",4063.18194748439
"shrub",8225.99161950869
"cropland",12847.6148372354
"bare",2183.01923391459
"cattle",7935.42590261756
