"covariates","waic_increase"
"shrub",22453.0049297695
"cropland",12084.3892162445
"bare",6188.62861495042
"cattle",9529.74954731336
"tsetse",5968.23475606488
