"covariates","waic_increase"
"elevation",6466.76916186616
"tree",20254.408363153
"grassland",9171.74385142967
"tsetse",3533.9018524288
"pop_den",576.126735701342
