"covariates","waic_increase"
"pop_den",240.939156300439
"tree",2806.72504758563
"shrub",5283.04988430996
"cropland",4692.33595612232
"built",4916.39319340135
"cattle",15315.1588307889
