"covariates","waic_increase"
"shrub",16712.7114093687
"cropland",8183.70804385931
"bare",113.896414465678
"cattle",13038.0533614203
