"covariates","waic_increase"
"tree",151.630380200877
"grassland",7453.93848801093
"shrub",3.76289487810573
"cropland",135.211685086782
"water",4633.65007081191
"cattle",14723.4874680049
"tsetse",5329.28782202893
