"covariates","waic_increase"
"pop_den",1620.44358437698
"grassland",4900.33657416317
"shrub",11944.5396736953
"cropland",3210.45446410945
"bare",43.6738870297122
"cattle",20790.7681223394
