"covariates","waic_increase"
"tree",12413.8383674392
"grassland",9785.80532373393
"bare",4100.71592039098
"water",4664.64561449664
"cattle",19010.6650733811
"tsetse",4129.46690988481
