"covariates","waic_increase"
"elevation",1934.56466022387
"grassland",10203.0326964756
"shrub",5089.61801999238
"cattle",10876.5563933608
