"covariates","waic_increase"
"pop_den",2034.79032196575
"tree",6027.47737261278
"grassland",7660.23671473846
"built",1876.15486599426
"bare",276.889377863568
"wetland",63.8365308245557
"cattle",7549.36244791788
