"covariates","waic_increase"
"tree",19436.6052651048
"grassland",7861.90343396655
"cattle",6447.3964535738
"tsetse",3285.84443983657
