"covariates","waic_increase"
"pop_den",932.054234358038
"tree",4470.97254796956
"grassland",3368.32257364145
"shrub",1376.27263790639
"cropland",1054.27376301435
"water",886.308758988787
"cattle",9985.8043197265
