"covariates","waic_increase"
"grassland",1964.42988171498
"shrub",14122.4719657505
"cropland",2477.5010882346
"cattle",10980.0350304157
"water",1.66688116871228
