"covariates","waic_increase"
"tree",1772.00754101317
"grassland",1790.80721894772
"shrub",138.346658798604
"cropland",216.012125118694
"built",184.757545531509
"water",1620.64232880852
"cattle",8865.11239651735
