"covariates","waic_increase"
"tree",395.885958784929
"grassland",1402.62365323836
"shrub",926.791652844986
"cropland",127.096066772305
"bare",1488.60804578596
"cattle",7942.83542402531
