"covariates","waic_increase"
"pop_den",1511.07470969246
"tree",3673.24629522001
"grassland",9303.04720340455
"shrub",5000.38296085541
"bare",461.467512101706
"wetland",19.3310042723751
"cattle",11515.2706429408
