"covariates","waic_increase"
"elevation",5796.25265063188
"pop_den",3767.03503787865
"shrub",14499.5614680352
"cropland",5641.43796353607
"cattle",16032.7911137066
"wetland",31.0399329713182
