"covariates","waic_increase"
"tree",3152.13699369108
"shrub",9779.73394990774
"cropland",6654.46571257486
"built",1097.1219614134
"cattle",7490.2891852368
"tsetse",3174.96168892529
