"covariates","waic_increase"
"grassland",13544.4384452338
"shrub",21398.0312491544
"bare",7.70603805694554
"cattle",13164.4685547515
"tsetse",253.58804761582
"cropland",11079.9929891417
