"covariates","waic_increase"
"elevation",4212.60887224821
"grassland",5033.23514993773
"shrub",15950.4947916102
"cropland",13225.7318011188
"built",768.471557754412
"bare",1396.45341310845
"cattle",2371.77053743529
