"covariates","waic_increase"
"tree",519.241040374181
"grassland",683.376225949076
"shrub",559.310643656783
"cropland",508.945581596185
"bare",754.306935960602
"water",175.290053274497
"cattle",8902.85867374626
