"covariates","waic_increase"
"elevation",5722.90233911015
"precipitation",9777.94820533499
"shrub",10027.9765071755
"cropland",6625.09266998592
"tsetse",6060.94882348779
