"covariates","waic_increase"
"grassland",4745.73987776789
"shrub",14955.4455556318
"cropland",5717.98835778696
"bare",1785.53749210691
"water",423.2867765681
"wetland",1077.93846076283
"cattle",27930.1110512328
