"covariates","waic_increase"
"grassland",6404.02876651233
"shrub",8075.19170271397
"cropland",2309.89540403587
"bare",77.4490902325633
"wetland",22.4493167615001
"cattle",24440.384430717
