"covariates","waic_increase"
"grassland",1394.12305290239
"shrub",10609.0528876366
"cropland",3975.24486307473
"tsetse",169.880797827711
"pop_den",962.721786231821
