"covariates","waic_increase"
"elevation",13832.1829285384
"pop_den",672.523342721339
"tree",16272.3660440053
"grassland",6358.83820687352
"bare",266.459425502973
"cattle",924.591626831039
"tsetse",450.09333782328
