"covariates","waic_increase"
"elevation",3104.93803312871
"tree",7077.5732404103
"grassland",9191.43507660387
"tsetse",2213.96968362284
"pop_den",251.082937255793
