"covariates","waic_increase"
"pop_den",1622.68584333897
"grassland",2568.11300826999
"shrub",16350.1749696547
"cropland",6732.77001979173
"water",644.32118834366
"cattle",6014.61966103489
