"covariates","waic_increase"
"grassland",7048.6512680666
"shrub",12235.2873943729
"bare",847.752034913567
"cattle",18287.9284524763
"human_fp",1376.28927434867
