"covariates","waic_increase"
"grassland",2947.80558508517
"shrub",11137.2737748738
"cropland",3422.78515247986
"built",2031.4251730103
"cattle",17360.7292016784
"pop_den",817.674654806906
