"covariates","waic_increase"
"pop_den",404.948631503743
"tree",11265.9134424465
"grassland",10044.0637556775
"bare",232.980346753393
"cattle",5510.05315089029
"tsetse",4689.70130574245
