"covariates","waic_increase"
"tree",12730.0917575596
"grassland",7724.95825689562
"cropland",5128.72140971391
"cattle",11172.9074118332
"bare",640.4320369079
"pop_den",2447.22924149264
