"covariates","waic_increase"
"pop_den",40.598795161437
"shrub",17341.8951419567
"cropland",8835.75247295271
"bare",335.171299760128
"cattle",13372.2456148358
"tsetse",4803.15426093431
