"covariates","waic_increase"
"tree",4270.22644260383
"shrub",3638.28485921596
"built",1268.25682657776
"cattle",7528.57960075291
"pop_den",674.747687440089
