"covariates","waic_increase"
"pop_den",214.410831913527
"tree",515.982640031187
"shrub",2910.55353470593
"cropland",2590.5897283724
"built",65.0905713243556
"bare",277.273923636705
"cattle",4937.92641125266
"tsetse",312.210805237613
