"covariates","waic_increase"
"tree",4981.58279588982
"shrub",10023.1161738965
"cropland",6381.08016823717
"built",294.491056954794
"water",510.726068641445
"cattle",12448.9966976172
"tsetse",4386.88174316349
