"covariates","waic_increase"
"tree",5859.68885749255
"grassland",3793.64713086437
"water",358.458417071786
"cattle",14041.3880867936
