"covariates","waic_increase"
"tree",5694.03798420812
"grassland",9506.87698852575
"shrub",1948.01280807174
"bare",338.410737986334
"cattle",18213.2871347557
"pop_den",650.515759943046
