"covariates","waic_increase"
"grassland",2082.92793549869
"shrub",5638.73236631139
"cropland",3895.92347176176
"cattle",8644.64760097622
