"covariates","waic_increase"
"elevation",9415.13562316261
"pop_den",220.028866153021
"tree",9661.7445146082
"grassland",312.525641149841
"bare",7828.13897921146
"cattle",14121.5465624222
