"covariates","waic_increase"
"elevation",6465.22443790539
"shrub",12987.1890403021
"cattle",12062.5115910935
"built",75.6867860430939
