"covariates","waic_increase"
"tree",10585.5809768106
"grassland",8571.32505477693
"built",655.203593723338
"bare",576.954462517497
"water",307.356284367612
"cattle",9752.89040128532
"tsetse",3107.43209750877
