"covariates","waic_increase"
"shrub",22669.3947789576
"cropland",13023.0996572185
"cattle",8340.84010937749
"bare",165.929699319546
"pop_den",64.4782187455494
