"covariates","waic_increase"
"elevation",925.696015166395
"tree",2257.22861778981
"shrub",5440.4641209224
"cropland",4371.15108855114
"built",2132.07783388906
"water",1567.43239136903
"cattle",9668.38087551229
