"covariates","waic_increase"
"precipitation",5980.1233295601
"shrub",16499.9754933796
"cropland",10677.6039138567
"bare",8447.18977561587
"water",4623.04443368417
"cattle",17196.4964783324
