"covariates","waic_increase"
"tree",3904.78222555601
"shrub",10265.0539463906
"cropland",4332.00256923465
"built",5060.43811963218
"water",3313.3209060342
"cattle",20834.4285612847
"tsetse",2608.77195578736
