"covariates","waic_increase"
"tree",12971.7518421424
"grassland",1315.32010936245
"cattle",13848.2179835491
"tsetse",1656.56910543348
