"covariates","waic_increase"
"tree",3488.51211270459
"grassland",9260.93341263142
"built",76.1411835401814
"bare",341.044399167826
"water",307.324512684187
"cattle",2254.55833736786
"tsetse",1318.95500416662
