"covariates","waic_increase"
"tree",5351.89714869649
"shrub",2851.06344934135
"cropland",5085.02631933629
"cattle",14094.9873680564
