"covariates","waic_increase"
"elevation",3042.34128126749
"tree",13425.6720103134
"grassland",10853.7367241046
"bare",260.258330979937
"cattle",9273.74358843638
