"covariates","waic_increase"
"pop_den",1909.45433750862
"grassland",6785.31127232884
"water",20.442608520374
"wetland",86.4964627972877
"cattle",3984.9211738723
