"covariates","waic_increase"
"grassland",2717.16243860018
"shrub",18389.2999105037
"bare",123.009438349851
"cattle",20763.9733353433
