"covariates","waic_increase"
"pop_den",4070.76978241954
"tree",680.7127772608
"shrub",5630.58507681953
"cropland",2939.91740537116
"built",5023.44485064224
"water",3995.79158796804
"cattle",12360.9986566793
