"covariates","waic_increase"
"tree",4235.74131512093
"shrub",3241.72778725142
"cropland",2335.08283211074
"built",760.517355036893
"water",272.937207447343
"cattle",25421.7758209696
