"covariates","waic_increase"
"pop_den",1716.78880204976
"tree",8217.82055256709
"grassland",4093.32904445163
"built",947.165123245228
"bare",1003.1902987488
"cattle",19133.4172780663
"tsetse",808.78393014989
