"covariates","waic_increase"
"grassland",2623.1974638252
"shrub",15024.974369699
"cropland",7083.85797124459
"water",639.17167573722
"cattle",10436.3629731395
"built",24.9421786879975
