"covariates","waic_increase"
"tree",2566.39767312514
"grassland",6523.34818223896
"shrub",1922.52927364993
"water",30.8288365606277
"cattle",6614.50641953143
"elevation",289.300251794077
