"covariates","waic_increase"
"shrub",15342.831495257
"cropland",1723.96996233011
"water",1029.24774925037
"cattle",17890.1306212491
"tsetse",2860.84020830222
