"covariates","waic_increase"
"tree",0.344486945832614
"grassland",0.649101710441755
"shrub",0.260241635340208
"cropland",1.5020085237411
"built",0.367925606420613
"water",0.461480182442756
"wetland",0.419928146591701
"cattle",24277.5055442536
"tsetse",3131.84567691078
"bare",0.0914858046089648
