"covariates","waic_increase"
"tree",5126.9353912806
"grassland",5002.839113476
"shrub",1521.622491096
"bare",117.665234794469
"water",83.4803952152797
"cattle",1170.25690345425
"pop_den",153.258268576559
