"covariates","waic_increase"
"tree",1468.20693970662
"shrub",743.782631706876
"cropland",1718.36158800384
"bare",1602.1503335463
"cattle",7239.83966916605
"tsetse",2778.27374083085
