"covariates","waic_increase"
"shrub",16856.8267734047
"cropland",9698.24927443966
"water",176.722095632853
"wetland",16.9470558929024
"cattle",16673.2849456444
