"covariates","waic_increase"
"tree",3106.01102488466
"grassland",2502.27162962236
"shrub",3433.93630658202
"water",6.20900705117674
"cattle",6926.18028646625
