"covariates","waic_increase"
"elevation",7688.36641897566
"human_fp",8006.19265090212
"tree",11859.1426075786
"grassland",21230.8732826401
"bare",5837.07546893838
"cattle",7915.56792211858
