"covariates","waic_increase"
"tree",24700.7232471934
"grassland",19755.5276225557
"bare",395.029389926167
"water",17.8529859984337
"tsetse",7113.95362722013
