"covariates","waic_increase"
"precipitation",7202.97744649886
"pop_den",1865.43938301373
"tree",7321.56850073246
"grassland",8382.97031416533
"bare",804.498990299529
"cattle",9232.37585301085
