"covariates","waic_increase"
"pop_den",6488.74187749792
"grassland",15692.6990150174
"shrub",24857.414345301
"tsetse",10886.0173118776
