"covariates","waic_increase"
"tree",156.265451719228
"grassland",170.198818860445
"shrub",284.974644225273
"cropland",285.741230102853
"built",212.599558038448
"water",183.506992287817
"cattle",21945.8194841637
