"covariates","waic_increase"
"pop_den",4026.30566745106
"grassland",4207.86598773986
"shrub",11371.6246916734
"bare",2815.22050168017
"cattle",25514.738922138
"built",3344.43912282732
"water",31.230287748418
