"covariates","waic_increase"
"tree",1782.1223362333
"shrub",7504.62487497477
"cropland",3392.09391723846
"water",39.1001720340937
"cattle",14960.9742225635
