"covariates","waic_increase"
"pop_den",1595.22582725533
"tree",16738.6992601636
"grassland",4103.17353653195
"cropland",2864.13280550893
"cattle",3115.46637797663
"tsetse",984.476284182194
